TransactionID,SaleDate,CustomerID,ProductID,StoreID,CampaignID,SaleAmount
1,2025-05-04,1034,2059,402,0,2048.2
2,2025-05-04,1066,2048,403,1,321.87
3,2025-05-04,1116,2041,403,3,3216.84
4,2025-05-04,1071,2096,404,2,1613.23
5,2025-05-04,1020,2060,401,0,408.38
6,2025-05-04,1089,2028,401,0,1275.88
7,2025-05-04,1193,2003,402,1,346.66
8,2025-05-04,1005,2079,402,1,855.49
9,2025-05-04,1032,2060,401,1,735.08
10,2025-05-04,1119,2089,403,2,661.63
11,2025-05-04,1042,2077,401,,505.65
12,2025-05-04,1079,2013,401,2,0.0
13,2025-05-04,1147,2086,404,3,4470.5
14,2025-05-04,1183,2025,401,1,503.32
15,2025-05-04,1026,2089,403,0,413.52
16,2025-05-04,1144,2005,403,3,1715.12
17,2025-05-04,1169,2047,401,2,535.97
18,2025-05-04,1003,2053,404,0,3660.9
19,2025-05-04,1110,2046,404,1,30.09
20,2025-05-04,1111,2022,403,3,671.18
21,2025-05-04,1119,2055,403,2,?
22,2025-05-04,1062,2011,403,3,1229.22
23,2025-05-04,1062,2096,404,3,672.18
24,2025-05-04,1086,2003,404,2,924.43
25,2025-05-04,1046,2062,402,2,1981.95
26,2025-05-04,1066,2043,403,2,698.76
27,2025-05-04,1142,2001,402,0,1237.05
28,2025-05-04,1061,2092,404,3,482.21
29,2025-05-04,1142,2097,402,3,4210.5
30,2025-05-04,1165,2091,404,3,4528.95
31,2023-13-01,1004,2011,403,1,737.53
32,2025-05-04,1103,2088,402,2,0.0
33,2025-05-04,1169,2074,403,3,0.0
34,2025-05-04,1141,2067,403,3,872.85
35,2025-05-04,1190,2070,403,2,54.69
36,2025-05-04,1179,2058,403,2,1066.8
37,2025-05-04,1064,2029,401,1,12.16
38,2025-05-04,1080,2015,402,1,3037.36
39,2025-05-04,1055,2094,404,2,1578.72
40,2025-05-04,1185,2075,403,0,0.0
41,2025-05-04,9999,2037,402,2,288.11
42,2025-05-04,1045,2038,401,1,1667.72
43,2025-05-04,1070,2005,401,2,686.05
44,2025-05-04,1178,2016,404,0,0.0
45,2025-05-04,1003,2073,403,3,1498.29
46,2025-05-04,1122,2056,403,1,944.5
47,2025-05-04,1013,2032,404,0,2836.8
48,2025-05-04,1016,2051,404,0,117.32
49,2025-05-04,1147,2080,401,1,0.0
50,2025-05-04,1038,2072,403,0,840.6
51,2025-05-04,1063,2015,404,1,1214.95
52,2025-05-04,1198,2066,404,3,516.06
53,2025-05-04,1113,2038,404,2,2223.62
54,2025-05-04,1145,2079,401,0,1901.08
55,2025-05-04,1195,2026,402,2,507.74
56,2025-05-04,1169,2010,402,1,140.11
57,2025-05-04,1044,2070,401,1,0.0
58,2025-05-04,1000,2052,404,3,2193.78
59,2025-05-04,1074,2004,402,2,741.8
60,2025-05-04,1180,2036,404,0,217.98
61,2025-05-04,1175,2029,403,1,36.48
62,2025-05-04,1108,2014,402,1,221.67
63,2025-05-04,1068,2018,401,0,2169.04
64,2025-05-04,1042,2039,403,3,2929.32
65,2025-05-04,1031,2059,403,3,0.0
66,2025-05-04,1069,2064,404,3,1470.2
67,2025-05-04,1020,2076,401,3,4836.42
68,2025-05-04,1188,2041,403,0,1608.42
69,2025-05-04,1023,2029,401,2,0.0
70,2025-05-04,1147,2005,402,3,0.0
71,2025-05-04,1132,2083,404,2,614.53
72,2025-05-04,1046,2074,404,3,659.5
73,2025-05-04,1023,2060,403,3,1225.14
74,2025-05-04,1085,2041,401,1,1447.58
75,2025-05-04,1084,2052,404,2,2925.04
76,2025-05-04,1169,2051,401,3,117.32
77,2025-05-04,1022,2040,403,2,55.26
78,2025-05-04,1029,2098,404,0,3631.44
79,2025-05-04,1168,2069,404,3,232.39
80,2025-05-04,1013,2024,403,3,372.81
81,2025-05-04,1160,2056,401,1,472.25
82,2025-05-04,1068,2070,402,2,109.38
83,2025-05-04,1112,2089,404,0,2067.6
84,2025-05-04,1007,2080,402,1,1498.07
85,2025-05-04,1079,2070,401,3,34.18
86,2025-05-04,1023,2028,401,3,2551.76
87,2025-05-04,1030,2082,402,3,799.8
88,2025-05-04,1183,2037,403,3,2160.84
89,2025-05-04,1123,2060,402,3,2450.28
90,2025-05-04,1141,2018,404,1,2440.17
91,2025-05-04,1153,2065,402,0,470.34
92,2025-05-04,1070,2098,404,2,0.0
93,2025-05-04,1129,2034,401,2,108.94
94,2025-05-04,1185,2038,404,1,1667.72
95,2025-05-04,1114,2068,404,2,656.19
96,2025-05-04,1085,2070,404,3,0.0
97,2025-05-04,1082,2024,402,3,372.81
98,2025-05-04,1059,2099,404,0,1292.64
99,2025-05-04,1081,2095,404,3,490.79
100,2025-05-04,1098,2084,402,3,0.0
101,2025-05-04,1009,2016,403,0,969.06
102,2025-05-04,1112,2012,404,0,1869.57
103,2025-05-04,1184,2018,404,1,488.03
104,2025-05-04,1019,2060,403,2,0.0
105,2025-05-04,1159,2088,404,0,0.0
106,2025-05-04,1084,2086,404,2,2861.12
107,2025-05-04,1160,2091,404,0,905.79
108,2025-05-04,1158,2008,402,2,159.82
109,2025-05-04,1058,2095,401,3,2453.95
110,2025-05-04,1025,2097,401,3,842.1
111,2025-05-04,1042,2088,403,0,709.35
112,2025-05-04,1011,2041,401,2,0.0
113,2025-05-04,1091,2047,404,1,0.0
114,2025-05-04,1062,2067,404,1,0.0
115,2025-05-04,1043,2022,401,3,2684.72
116,2025-05-04,1158,2087,402,3,477.96
117,2025-05-04,1149,2018,402,3,1626.78
118,2025-05-04,1163,2032,404,2,756.48
119,2025-05-04,1170,2001,404,2,659.76
120,2025-05-04,1173,2069,402,0,464.78
121,2025-05-04,1113,2044,403,3,0.0
122,2025-05-04,1176,2032,404,2,756.48
123,2025-05-04,1050,2049,404,0,2819.52
124,2025-05-04,1060,2048,403,2,1144.42
125,2025-05-04,1179,2037,401,3,1440.56
126,2025-05-04,1070,2001,401,3,0.0
127,2025-05-04,1073,2099,402,2,0.0
128,2025-05-04,1056,2081,402,2,0.0
129,2025-05-04,1173,2096,402,0,672.18
130,2025-05-04,1160,2082,401,2,426.56
131,2025-05-04,1112,2004,403,1,1669.05
132,2025-05-04,1023,2037,403,3,2160.84
133,2025-05-04,1044,2025,402,2,223.7
134,2025-05-04,1135,2064,403,1,793.91
135,2025-05-04,1065,2061,403,2,639.74
136,2025-05-04,1029,2059,401,1,921.69
137,2025-05-04,1193,2028,404,2,1531.06
138,2025-05-04,1023,2050,401,2,298.85
139,2025-05-04,1137,2015,404,2,539.98
140,2025-05-04,1172,2095,403,3,2453.95
141,2025-05-04,1163,2047,401,1,301.48
142,2025-05-04,1120,2003,403,1,1039.99
143,2025-05-04,1165,2008,404,2,53.27
144,2025-05-04,1166,2052,401,1,658.13
145,2025-05-04,1011,2004,403,3,3709.0
146,2025-05-04,1029,2012,402,1,0.0
147,2025-05-04,1099,2058,403,3,666.75
148,2025-05-04,1150,2095,402,3,490.79
149,2025-05-04,1167,2012,404,3,0.0
150,2025-05-04,1071,2004,403,1,834.52
151,2025-05-04,1113,2056,402,2,839.55
152,2025-05-04,1025,2087,403,2,0.0
153,2025-05-04,1015,2050,403,1,504.31
154,2025-05-04,1031,2058,401,1,2400.3
155,2025-05-04,1164,2081,401,0,2984.88
156,2025-05-04,1085,2031,402,1,508.77
157,2025-05-04,1017,2097,402,1,757.89
158,2025-05-04,1059,2042,402,0,0.0
159,2025-05-04,1070,2018,402,2,0.0
160,2025-05-04,1044,2014,401,1,886.68
161,2025-05-04,1003,2045,402,2,499.42
162,2025-05-04,1004,2022,403,0,671.18
163,2025-05-04,1032,2094,404,0,493.35
164,2025-05-04,1190,2008,404,3,266.36
165,2025-05-04,1199,2046,401,3,167.15
166,2025-05-04,1128,2028,401,2,2041.41
167,2025-05-04,1117,2082,401,0,799.8
168,2025-05-04,1122,2051,404,0,234.64
169,2025-05-04,1125,2091,404,0,1811.58
170,2025-05-04,1020,2041,402,0,0.0
171,2025-05-04,1032,2035,403,3,4499.95
172,2025-05-04,1152,2067,403,3,872.85
173,2025-05-04,1129,2077,404,0,2809.15
174,2025-05-04,1179,2014,402,3,738.9
175,2025-05-04,1115,2029,404,2,0.0
176,2025-05-04,1116,2051,404,0,351.96
177,2025-05-04,1080,2054,403,2,3602.04
178,2025-05-04,1095,2019,404,0,933.93
179,2025-05-04,1023,2010,401,3,0.0
180,2025-05-04,1024,2095,403,1,3533.69
181,2025-05-04,1142,2007,403,0,583.39
182,2025-05-04,1105,2045,404,0,624.28
183,2025-05-04,1073,2076,403,2,1934.57
184,2025-05-04,1026,2073,402,1,1797.95
185,2025-05-04,1168,2061,402,0,599.76
186,2025-05-04,1089,2071,403,0,0.0
187,2025-05-04,1195,2035,402,3,0.0
188,2025-05-04,1143,2098,401,2,2178.86
189,2025-05-04,1007,2023,403,2,751.63
190,2025-05-04,1086,2044,401,1,373.64
191,2025-05-04,1036,2072,404,0,1260.9
192,2025-05-04,1036,2094,401,0,2466.75
193,2025-05-04,1191,2067,402,3,872.85
194,2025-05-04,1107,2058,403,1,1800.22
195,2025-05-04,1094,2039,403,0,1952.88
196,2025-05-04,1013,2019,402,0,0.0
197,2025-05-04,1172,2010,403,3,0.0
198,2025-05-04,1169,2054,404,3,900.51
199,2025-05-04,1106,2034,402,0,136.17
200,2025-05-04,1088,2055,401,2,129.46
201,2025-05-04,1173,2086,404,2,715.28
202,2025-05-04,1011,2028,404,0,0.0
203,2025-05-04,1001,2026,403,1,190.4
204,2025-05-04,1196,2017,403,2,370.96
205,2025-05-04,1083,2015,401,3,0.0
206,2025-05-04,1191,2055,402,1,48.55
207,2025-05-04,1097,2068,402,2,1312.38
208,2025-05-04,1018,2050,401,3,0.0
209,2025-05-04,1004,2058,401,2,1066.8
210,2025-05-04,1147,2054,404,3,2701.53
211,2025-05-04,1074,2014,404,0,738.9
212,2025-05-04,1083,2021,404,2,668.33
213,2025-05-04,1022,2055,401,1,97.09
214,2025-05-04,1111,2075,404,0,1561.28
215,2025-05-04,1101,2039,403,1,2636.39
216,2025-05-04,1085,2099,402,0,646.32
217,2025-05-04,1130,2081,401,1,1343.2
218,2025-05-04,1198,2044,403,1,186.82
219,2025-05-04,1060,2013,402,2,0.0
220,2025-05-04,1050,2022,402,0,671.18
221,2025-05-04,1045,2098,404,3,907.86
222,2025-05-04,1193,2072,404,2,1681.2
223,2025-05-04,1160,2040,402,3,138.16
224,2025-05-04,1017,2060,404,2,0.0
225,2025-05-04,1070,2075,401,2,624.51
226,2025-05-04,1129,2009,403,3,198.93
227,2025-05-04,1115,2004,401,2,2225.4
228,2025-05-04,1073,2009,401,3,66.31
229,2025-05-04,1118,2074,401,3,659.5
230,2025-05-04,1146,2083,402,2,614.53
231,2025-05-04,1154,2060,402,0,408.38
232,2025-05-04,1115,2013,403,0,2806.08
233,2025-05-04,1129,2082,402,0,1066.4
234,2025-05-04,1063,2090,404,3,71.64
235,2025-05-04,1134,2066,402,2,1238.54
236,2025-05-04,1095,2036,404,3,653.94
237,2025-05-04,1198,2043,401,2,1397.52
238,2025-05-04,1016,2042,401,3,0.0
239,2025-05-04,1072,2032,402,2,1512.96
240,2025-05-04,1020,2074,402,2,527.6
241,2025-05-04,1079,2083,404,1,691.34
242,2025-05-04,1152,2090,401,2,57.31
243,2025-05-04,1143,2048,403,1,0.0
244,2025-05-04,1171,2089,401,3,1654.08
245,2025-05-04,1130,2046,401,2,106.98
246,2025-05-04,1079,2023,402,2,3006.53
247,2025-05-04,1196,2062,402,1,1114.85
248,2025-05-04,1035,2019,401,2,0.0
249,2025-05-04,1025,2064,401,2,705.7
250,2025-05-04,1196,2079,402,3,2851.62
251,2025-05-04,1039,2020,402,1,338.25
252,2025-05-04,1184,2056,401,3,1574.16
253,2025-05-04,1093,2086,402,3,3576.4
254,2025-05-04,1156,2036,404,1,392.36
255,2025-05-04,1136,2030,403,3,509.91
256,2025-05-04,1049,2047,404,3,1674.9
257,2025-05-04,1196,2036,404,3,0.0
258,2025-05-04,1041,2025,402,2,671.09
259,2025-05-04,1013,2082,404,2,1066.4
260,2025-05-04,1141,2013,401,2,748.29
261,2025-05-04,1021,2097,402,2,673.68
262,2025-05-04,1115,2065,402,3,1881.36
263,2025-05-04,1023,2028,404,2,510.35
264,2025-05-04,1006,2053,401,3,610.15
265,2025-05-04,1128,2047,402,3,1004.94
266,2025-05-04,1020,2047,402,0,669.96
267,2025-05-04,1081,2012,403,1,1682.61
268,2025-05-04,1035,2004,403,3,927.25
269,2025-05-04,1178,2017,404,3,1854.8
270,2025-05-04,1157,2000,401,0,1938.62
271,2025-05-04,1065,2027,402,3,775.83
272,2025-05-04,1028,2099,403,1,3490.13
273,2025-05-04,1077,2015,401,1,1822.42
274,2025-05-04,1107,2081,404,0,2238.66
275,2025-05-04,1028,2063,401,1,994.43
276,2025-05-04,1183,2018,403,3,2711.3
277,2025-05-04,1000,2078,403,1,0.0
278,2025-05-04,1146,2053,402,0,1220.3
279,2025-05-04,1134,2046,401,0,33.43
280,2025-05-04,1099,2060,401,3,1633.52
281,2025-05-04,1095,2032,401,2,1512.96
282,2025-05-04,1017,2044,402,0,207.58
283,2025-05-04,1197,2074,403,1,593.55
284,2025-05-04,1011,2045,403,1,842.78
285,2025-05-04,1199,2087,404,3,159.32
286,2025-05-04,1161,2023,402,0,939.54
287,2025-05-04,1183,2099,404,0,1292.64
288,2025-05-04,1075,2025,401,1,0.0
289,2025-05-04,1010,2040,403,3,138.16
290,2025-05-04,1139,2060,403,0,1225.14
291,2025-05-04,1192,2082,402,2,213.28
292,2025-05-04,1091,2099,401,2,1034.11
293,2025-05-04,1069,2015,403,3,2699.88
294,2025-05-04,1102,2095,404,3,1472.37
295,2025-05-04,1086,2023,404,3,3758.16
296,2025-05-04,1094,2066,403,0,1032.12
297,2025-05-04,1186,2054,401,3,0.0
298,2025-05-04,1154,2023,403,2,751.63
299,2025-05-04,1026,2010,403,2,62.27
300,2025-05-04,1078,2057,404,1,393.28
301,2025-05-04,1176,2056,403,3,524.72
302,2025-05-04,1010,2093,403,3,0.0
303,2025-05-04,1070,2081,401,0,1492.44
304,2025-05-04,1171,2081,404,2,596.98
305,2025-05-04,1131,2095,402,0,1472.37
306,2025-05-04,1036,2077,404,0,1123.66
307,2025-05-04,1032,2008,402,2,106.54
308,2025-05-04,1092,2049,401,1,0.0
309,2025-05-04,1173,2057,403,2,349.58
310,2025-05-04,1113,2097,401,1,757.89
311,2025-05-04,1135,2046,404,2,80.23
312,2025-05-04,1166,2035,402,0,899.99
313,2025-05-04,1006,2094,402,3,1480.05
314,2025-05-04,1132,2049,401,2,1503.74
315,2025-05-04,1198,2033,404,1,2257.88
316,2025-05-04,1156,2036,404,1,784.73
317,2025-05-04,1031,2017,401,3,0.0
318,2025-05-04,1044,2091,404,0,1811.58
319,2025-05-04,1174,2040,403,0,34.54
320,2025-05-04,1140,2069,403,2,557.74
321,2025-05-04,1040,2091,402,2,724.63
322,2025-05-04,1130,2028,401,1,574.15
323,2025-05-04,1035,2030,404,0,339.94
324,2025-05-04,1092,2070,403,3,102.54
325,2025-05-04,1141,2016,401,0,0.0
326,2025-05-04,1079,2050,404,3,186.78
327,2025-05-04,1196,2052,401,1,2632.54
328,2025-05-04,1081,2082,401,3,1066.4
329,2025-05-04,1119,2087,403,1,0.0
330,2025-05-04,1199,2070,402,1,30.76
331,2025-05-04,1110,2064,401,0,0.0
332,2025-05-04,1132,2019,403,1,1681.07
333,2025-05-04,1041,2041,402,2,643.37
334,2025-05-04,1132,2036,401,2,348.77
335,2025-05-04,1050,2081,403,1,2686.39
336,2025-05-04,1160,2038,401,1,0.0
337,2025-05-04,1151,2074,402,1,1187.1
338,2025-05-04,1168,2079,403,0,1901.08
339,2025-05-04,1007,2010,401,2,62.27
340,2025-05-04,1166,2026,404,0,0.0
341,2025-05-04,1127,2080,403,2,1997.42
342,2025-05-04,1123,2031,404,2,1356.72
343,2025-05-04,1116,2009,401,1,119.36
344,2025-05-04,1112,2053,404,3,0.0
345,2025-05-04,1052,2043,402,2,698.76
346,2025-05-04,1183,2040,403,3,103.62
347,2025-05-04,1033,2097,403,0,4210.5
348,2025-05-04,1081,2030,404,0,339.94
349,2025-05-04,1068,2057,402,1,1179.85
350,2025-05-04,1024,2006,403,3,594.0
351,2025-05-04,1157,2053,402,1,1098.27
352,2025-05-04,1083,2073,403,1,2247.44
353,2025-05-04,1195,2020,404,3,1879.15
354,2025-05-04,1127,2039,404,0,1952.88
355,2025-05-04,1023,2050,404,1,0.0
356,2025-05-04,1055,2074,403,0,1978.5
357,2025-05-04,1012,2036,404,3,653.94
358,2025-05-04,1073,2068,401,0,2460.72
359,2025-05-04,1110,2017,403,2,370.96
360,2025-05-04,1195,2051,403,0,117.32
361,2025-05-04,1102,2006,402,2,792.0
362,2025-05-04,1141,2036,401,3,871.92
363,2025-05-04,1129,2057,403,0,1747.92
364,2025-05-04,1032,2012,404,2,997.1
365,2025-05-04,1086,2071,403,1,553.64
366,2025-05-04,1050,2077,404,0,561.83
367,2025-05-04,1011,2004,402,2,0.0
368,2025-05-04,1121,2066,404,1,0.0
369,2025-05-04,1155,2065,402,2,1128.82
370,2025-05-04,1156,2040,402,3,138.16
371,2025-05-04,1157,2094,403,2,1578.72
372,2025-05-04,1129,2065,404,2,752.54
373,2025-05-04,1121,2002,403,2,2771.2
374,2025-05-04,1172,2014,404,2,197.04
375,2025-05-04,1185,2088,401,3,2128.05
376,2025-05-04,1067,2083,402,0,0.0
377,2025-05-04,1149,2061,402,3,1199.52
378,2025-05-04,1037,2087,402,0,318.64
379,2025-05-04,1146,2089,401,1,744.34
380,2025-05-04,1004,2056,403,3,2098.88
381,2025-05-04,1038,2052,402,3,2193.78
382,2025-05-04,1128,2099,404,0,3877.92
383,2025-05-04,1180,2017,402,2,741.92
384,2025-05-04,1169,2061,404,2,319.87
385,2025-05-04,1044,2058,403,2,1066.8
386,2025-05-04,1173,2098,403,3,3631.44
387,2025-05-04,1049,2031,403,2,1356.72
388,2025-05-04,1057,2038,403,1,2501.58
389,2025-05-04,1176,2090,404,2,343.87
390,2025-05-04,1122,2044,403,2,166.06
391,2025-05-04,1031,2073,404,3,1498.29
392,2025-05-04,1088,2098,402,2,726.29
393,2025-05-04,1010,2036,401,2,348.77
394,2025-05-04,1113,2083,403,3,3072.64
395,2025-05-04,1054,2025,403,2,671.09
396,2025-05-04,1035,2013,402,1,1683.65
397,2025-05-04,1012,2085,402,1,217.94
398,2025-05-04,1013,2012,404,2,1994.21
399,2025-05-04,1183,2060,401,1,367.54
400,2025-05-04,1001,2070,402,3,102.54
401,2025-05-04,1167,2060,404,1,735.08
402,2025-05-04,1193,2036,403,2,348.77
403,2025-05-04,1165,2007,401,1,0.0
404,2025-05-04,1136,2094,401,1,1776.06
405,2025-05-04,1106,2022,401,3,671.18
406,2025-05-04,1126,2023,403,0,0.0
407,2025-05-04,1002,2038,401,2,1482.42
408,2025-05-04,1072,2058,404,1,1200.15
409,2025-05-04,1129,2059,403,1,1382.54
410,2025-05-04,1028,2042,402,3,502.83
411,2025-05-04,1165,2032,402,0,0.0
412,2025-05-04,1188,2043,403,1,1572.21
413,2025-05-04,1044,2078,404,3,426.03
414,2025-05-04,1131,2041,401,3,3216.84
415,2025-05-04,1171,2012,402,1,1121.74
416,2025-05-04,1122,2041,402,0,1608.42
417,2025-05-04,1066,2049,402,3,0.0
418,2025-05-04,1192,2034,403,2,326.81
419,2025-05-04,1149,2092,401,2,1157.3
420,2025-05-04,1167,2046,402,0,133.72
421,2025-05-04,1170,2015,404,2,0.0
422,2025-05-04,1040,2051,403,0,469.28
423,2025-05-04,1163,2037,403,1,0.0
424,2025-05-04,1056,2017,404,1,834.66
425,2025-05-04,1116,2095,403,3,490.79
426,2025-05-04,1179,2070,404,1,61.52
427,2025-05-04,1195,2031,401,3,1695.9
428,2025-05-04,1135,2090,403,0,0.0
429,2025-05-04,1144,2014,401,1,443.34
430,2025-05-04,1146,2068,402,1,2952.86
431,2025-05-04,1083,2066,404,0,516.06
432,2025-05-04,1174,2026,404,0,423.12
433,2025-05-04,1130,2057,401,3,1747.92
434,2025-05-04,1033,2065,404,3,0.0
435,2025-05-04,1144,2007,404,2,933.42
436,2025-05-04,1185,2002,404,2,692.8
437,2025-05-04,1000,2095,402,0,0.0
438,2025-05-04,1011,2054,403,0,900.51
439,2025-05-04,1138,2007,401,3,2333.56
440,2025-05-04,1008,2036,404,1,196.18
441,2025-05-04,1196,2017,404,2,741.92
442,2025-05-04,1097,2057,404,3,436.98
443,2025-05-04,1020,2087,402,2,637.28
444,2025-05-04,1030,2022,404,1,604.06
445,2025-05-04,1186,2028,401,0,2551.76
446,2025-05-04,1076,2059,404,3,1536.15
447,2025-05-04,1058,2031,404,2,0.0
448,2025-05-04,1039,2035,402,0,899.99
449,2025-05-04,1008,2084,404,0,845.55
450,2025-05-04,1061,2026,401,0,423.12
451,2025-05-04,1152,2004,404,0,2781.75
452,2025-05-04,1062,2094,401,3,1973.4
453,2025-05-04,1112,2029,402,0,13.51
454,2025-05-04,1035,2064,403,1,0.0
455,2025-05-04,1187,2073,403,2,399.54
456,2025-05-04,1060,2038,402,1,3335.44
457,2025-05-04,1105,2038,403,0,1853.02
458,2025-05-04,1142,2075,402,3,3903.2
459,2025-05-04,1142,2063,401,2,1325.9
460,2025-05-04,1164,2085,404,2,387.44
461,2025-05-04,1178,2053,404,1,1647.4
462,2025-05-04,1076,2048,402,3,1072.89
463,2025-05-04,1061,2028,403,1,1148.29
464,2025-05-04,1118,2007,404,3,1750.17
465,2025-05-04,1142,2067,402,3,1163.8
466,2025-05-04,1062,2032,402,2,756.48
467,2025-05-04,1165,2010,404,2,124.54
468,2025-05-04,1023,2068,402,0,2460.72
469,2025-05-04,1068,2048,401,0,715.26
470,2025-05-04,1048,2097,402,3,0.0
471,2025-05-04,1053,2042,403,0,167.61
472,2025-05-04,1054,2024,401,3,372.81
473,2025-05-04,1062,2089,402,3,1240.56
474,2025-05-04,1061,2070,403,2,27.34
475,2025-05-04,1097,2059,403,2,0.0
476,2025-05-04,1066,2046,404,3,200.58
477,2025-05-04,1025,2092,404,2,771.54
478,2025-05-04,1052,2047,403,3,334.98
479,2025-05-04,1011,2072,402,1,756.54
480,2025-05-04,1004,2033,404,2,0.0
481,2025-05-04,1039,2025,403,1,503.32
482,2025-05-04,1097,2072,402,3,420.3
483,2025-05-04,1140,2083,403,2,1843.58
484,2025-05-04,1195,2062,404,3,3096.8
485,2025-05-04,1043,2093,403,1,1360.69
486,2025-05-04,1035,2092,404,1,0.0
487,2025-05-04,1138,2082,401,0,533.2
488,2025-05-04,1019,2085,401,0,484.3
489,2025-05-04,1105,2017,402,0,1391.1
490,2025-05-04,1181,2019,401,1,4202.68
491,2025-05-04,1129,2058,403,0,1333.5
492,2025-05-04,1158,2081,404,3,2984.88
493,2025-05-04,1004,2000,404,0,2907.93
494,2025-05-04,1004,2067,403,2,465.52
495,2025-05-04,1004,2064,404,1,1323.18
496,2025-05-04,1027,2012,402,1,1121.74
497,2025-05-04,1049,2079,403,2,3802.16
498,2025-05-04,1068,2050,401,2,0.0
499,2025-05-04,1103,2058,402,1,600.08
500,2025-05-04,1076,2087,401,0,159.32
501,2025-05-04,1023,2051,404,3,351.96
502,2025-05-04,1141,2060,401,0,408.38
503,2025-05-04,1179,2021,401,3,835.41
504,2025-05-04,1111,2082,403,0,0.0
505,2025-05-04,1135,2005,402,1,1157.71
506,2025-05-04,1177,2072,404,2,1008.72
507,2025-05-04,1011,2009,403,0,0.0
508,2025-05-04,1045,2040,401,1,31.09
509,2025-05-04,1150,2018,404,0,1084.52
510,2025-05-04,1076,2020,402,3,2254.98
511,2025-05-04,1173,2069,403,3,232.39
512,2025-05-04,1193,2094,402,0,1480.05
513,2025-05-04,1128,2095,403,0,0.0
514,2025-05-04,1025,2055,402,0,107.88
515,2025-05-04,1087,2077,404,2,449.46
516,2025-05-04,1007,2081,403,3,746.22
517,2025-05-04,1125,2029,403,3,40.53
518,2025-05-04,1110,2023,404,0,1879.08
519,2025-05-04,1197,2079,403,1,855.49
520,2025-05-04,1182,2009,401,2,53.05
521,2025-05-04,1039,2048,402,3,357.63
522,2025-05-04,1081,2046,401,0,33.43
523,2025-05-04,1001,2039,404,2,2343.46
524,2025-05-04,1194,2034,401,1,245.11
525,2025-05-04,1022,2023,404,3,5637.24
526,2025-05-04,1142,2071,404,0,615.16
527,2025-05-04,1006,2011,403,0,1229.22
528,2025-05-04,1152,2076,403,3,2418.21
529,2025-05-04,1003,2037,404,3,1440.56
530,2025-05-04,1199,2010,402,1,210.17
531,2025-05-04,1175,2048,402,1,965.6
532,2025-05-04,1068,2038,403,3,0.0
533,2025-05-04,1037,2008,402,3,266.36
534,2025-05-04,1070,2053,403,3,1830.45
535,2025-05-04,1005,2009,403,2,53.05
536,2025-05-04,1063,2092,404,1,867.98
537,2025-05-04,1117,2013,402,2,2244.86
538,2025-05-04,1001,2050,403,3,0.0
539,2025-05-04,1084,2056,403,3,1574.16
540,2025-05-04,1166,2076,402,2,0.0
541,2025-05-04,1082,2077,402,3,0.0
542,2025-05-04,1080,2022,404,2,1073.89
543,2025-05-04,1074,2094,404,1,444.02
544,2025-05-04,1083,2048,403,3,0.0
545,2025-05-04,1093,2014,402,1,221.67
546,2025-05-04,1174,2098,401,3,2723.58
547,2025-05-04,1181,2026,404,2,507.74
548,2025-05-04,1177,2008,404,3,332.95
549,2025-05-04,1035,2081,403,1,1343.2
550,2025-05-04,1064,2084,402,3,845.55
551,2025-05-04,1096,2009,404,3,198.93
552,2025-05-04,1149,2051,404,0,0.0
553,2025-05-04,1092,2089,401,0,827.04
554,2025-05-04,1196,2031,403,1,1526.31
555,2025-05-04,1165,2078,401,3,142.01
556,2025-05-04,1192,2042,404,0,1005.66
557,2025-05-04,1002,2012,403,1,560.87
558,2025-05-04,1130,2095,402,3,1963.16
559,2025-05-04,1095,2050,404,1,168.1
560,2025-05-04,1088,2003,404,0,385.18
561,2025-05-04,1075,2053,401,0,1830.45
562,2025-05-04,1186,2018,403,2,1301.42
563,2025-05-04,1087,2058,402,3,2667.0
564,2025-05-04,1089,2060,401,3,408.38
565,2025-05-04,1184,2089,404,2,1984.9
566,2025-05-04,1017,2038,401,0,0.0
567,2025-05-04,1005,2043,401,1,786.1
568,2025-05-04,1189,2031,402,1,2035.08
569,2025-05-04,1084,2071,404,3,0.0
570,2025-05-04,1059,2051,402,1,527.94
571,2025-05-04,1163,2084,404,3,845.55
572,2025-05-04,1007,2094,402,3,493.35
573,2025-05-04,1151,2054,404,0,0.0
574,2025-05-04,1180,2027,402,2,0.0
575,2025-05-04,1192,2090,401,0,286.56
576,2025-05-04,1137,2023,403,2,1503.26
577,2025-05-04,1050,2058,401,2,1066.8
578,2025-05-04,1171,2062,403,3,619.36
579,2025-05-04,1156,2050,401,2,0.0
580,2025-05-04,1090,2058,402,2,1066.8
581,2025-05-04,1157,2075,401,1,702.58
582,2025-05-04,1080,2015,402,2,1619.93
583,2025-05-04,1029,2023,403,1,0.0
584,2025-05-04,1130,2049,404,1,845.86
585,2025-05-04,1147,2049,404,1,845.86
586,2025-05-04,1124,2081,402,1,2686.39
587,2025-05-04,1125,2036,402,1,588.55
588,2025-05-04,1080,2057,401,2,699.17
589,2025-05-04,1002,2062,402,1,1114.85
590,2025-05-04,1098,2071,404,3,1845.48
591,2025-05-04,1175,2062,404,3,1858.08
592,2025-05-04,1125,2021,401,0,1670.82
593,2025-05-04,1194,2028,403,0,637.94
594,2025-05-04,1070,2028,403,1,0.0
595,2025-05-04,1199,2058,404,0,2667.0
596,2025-05-04,1146,2014,403,2,0.0
597,2025-05-04,1138,2096,401,3,2688.72
598,2025-05-04,1139,2027,404,0,258.61
599,2025-05-04,1188,2083,402,2,1229.06
600,2025-05-04,1008,2057,403,2,699.17
601,2025-05-04,1022,2056,401,1,2361.24
602,2025-05-04,1053,2094,403,3,493.35
603,2025-05-04,1042,2078,402,1,127.81
604,2025-05-04,1052,2007,403,2,2333.56
605,2025-05-04,1152,2068,402,2,656.19
606,2025-05-04,1180,2037,403,2,288.11
607,2025-05-04,1131,2086,401,1,2414.07
608,2025-05-04,1192,2052,401,2,0.0
609,2025-05-04,1167,2016,402,1,290.72
610,2025-05-04,1037,2091,403,1,0.0
611,2025-05-04,1194,2086,404,3,0.0
612,2025-05-04,1036,2073,403,3,1997.72
613,2025-05-04,1096,2057,401,0,1310.94
614,2025-05-04,1103,2065,403,2,376.27
615,2025-05-04,1116,2062,403,0,1238.72
616,2025-05-04,1198,2093,401,3,0.0
617,2025-05-04,1162,2085,403,0,0.0
618,2025-05-04,1136,2050,402,3,933.9
619,2025-05-04,1054,2063,403,2,441.97
620,2025-05-04,1072,2043,402,3,4367.25
621,2025-05-04,1087,2087,401,0,637.28
622,2025-05-04,1025,2080,404,0,3329.04
623,2025-05-04,1031,2020,404,3,1127.49
624,2025-05-04,1000,2054,402,1,1620.92
625,2025-05-04,1166,2038,402,2,2223.62
626,2025-05-04,1023,2083,403,2,1229.06
627,2025-05-04,1021,2047,402,0,1674.9
628,2025-05-04,1101,2080,403,1,3745.17
629,2025-05-04,1109,2083,401,0,768.16
630,2025-05-04,1000,2027,404,0,517.22
631,2025-05-04,1033,2075,402,3,780.64
632,2025-05-04,1002,2001,403,0,824.7
633,2025-05-04,1108,2088,402,3,3546.75
634,2025-05-04,1018,2029,404,0,27.02
635,2025-05-04,1187,2013,401,2,2993.15
636,2025-05-04,1094,2038,402,3,926.51
637,2025-05-04,1198,2096,402,1,1814.89
638,2025-05-04,1017,2067,401,1,523.71
639,2025-05-04,1112,2044,402,1,560.47
640,2025-05-04,1105,2078,404,1,383.43
641,2025-05-04,1022,2012,402,0,623.19
642,2025-05-04,1150,2093,404,2,1814.26
643,2025-05-04,1109,2040,402,1,31.09
644,2025-05-04,1070,2082,401,1,719.82
645,2025-05-04,1141,2076,403,0,3224.28
646,2025-05-04,1168,2038,402,1,1667.72
647,2025-05-04,1191,2050,403,0,560.34
648,2025-05-04,1005,2030,404,3,679.88
649,2025-05-04,1028,2030,404,0,509.91
650,2025-05-04,1135,2001,403,2,989.64
651,2025-05-04,1033,2049,404,2,751.87
652,2025-05-04,1139,2087,402,3,0.0
653,2025-05-04,1197,2009,401,0,265.24
654,2025-05-04,1003,2033,402,0,836.25
655,2025-05-04,1015,2050,403,3,560.34
656,2025-05-04,1108,2089,404,0,413.52
657,2025-05-04,1163,2068,402,2,3280.96
658,2025-05-04,1021,2039,401,1,878.8
659,2025-05-04,1039,2068,403,3,2460.72
660,2025-05-04,1150,2081,401,2,1193.95
661,2025-05-04,1178,2055,402,0,53.94
662,2025-05-04,1062,2011,404,0,0.0
663,2025-05-04,1116,2078,401,2,0.0
664,2025-05-04,1170,2094,402,0,986.7
665,2025-05-04,1003,2090,402,0,143.28
666,2025-05-04,1041,2063,403,2,1325.9
667,2025-05-04,1042,2047,402,2,803.95
668,2025-05-04,1187,2015,401,2,0.0
669,2025-05-04,1109,2034,401,2,326.81
670,2025-05-04,1182,2073,401,3,499.43
671,2025-05-04,1116,2065,403,0,470.34
672,2025-05-04,1127,2072,402,2,1008.72
673,2025-05-04,1040,2032,401,0,0.0
674,2025-05-04,1058,2094,401,0,493.35
675,2025-05-04,1003,2031,401,3,1695.9
676,2025-05-04,1093,2049,402,1,1691.71
677,2025-05-04,1009,2070,404,1,30.76
678,2025-05-04,1082,2031,404,2,452.24
679,2025-05-04,1069,2009,403,0,0.0
680,2025-05-04,1128,2086,401,1,804.69
681,2025-05-04,1057,2066,401,3,1548.18
682,2025-05-04,1017,2059,403,2,409.64
683,2025-05-04,1083,2011,404,0,1638.96
684,2025-05-04,1094,2025,403,2,223.7
685,2025-05-04,1189,2079,402,3,3802.16
686,2025-05-04,1094,2075,404,1,702.58
687,2025-05-04,1187,2069,402,1,627.45
688,2025-05-04,1001,2052,401,1,0.0
689,2025-05-04,1138,2044,401,2,166.06
690,2025-05-04,1000,2097,404,2,1347.36
691,2025-05-04,1026,2026,402,3,211.56
692,2025-05-04,1125,2007,402,2,933.42
693,2025-05-04,1023,2005,402,3,1286.34
694,2025-05-04,1179,2047,404,0,669.96
695,2025-05-04,1148,2012,402,3,3115.95
696,2025-05-04,1019,2075,401,3,2341.92
697,2025-05-04,1169,2016,402,2,775.25
698,2025-05-04,1066,2040,404,2,55.26
699,2025-05-04,1081,2057,403,1,393.28
700,2025-05-04,1019,2025,402,0,559.24
701,2025-05-04,1039,2013,402,3,4676.8
702,2025-05-04,1119,2040,404,0,69.08
703,2025-05-04,1137,2045,402,3,0.0
704,2025-05-04,1078,2059,403,0,1536.15
705,2025-05-04,1023,2020,403,0,0.0
706,2025-05-04,1055,2041,402,0,4021.05
707,2025-05-04,1182,2031,403,3,1695.9
708,2025-05-04,1131,2006,403,2,475.2
709,2025-05-04,1044,2003,404,3,1155.54
710,2025-05-04,1142,2095,402,0,2453.95
711,2025-05-04,1118,2013,402,0,1870.72
712,2025-05-04,1003,2007,402,1,1050.1
713,2025-05-04,1050,2051,403,0,117.32
714,2025-05-04,1149,2075,403,0,780.64
715,2025-05-04,1005,2008,402,3,466.13
716,2025-05-04,1032,2011,403,0,409.74
717,2025-05-04,1010,2059,401,1,921.69
718,2025-05-04,1146,2055,404,3,0.0
719,2025-05-04,1007,2048,404,1,1287.47
720,2025-05-04,1090,2027,402,2,413.78
721,2025-05-04,1071,2057,402,0,1310.94
722,2025-05-04,1157,2079,402,2,2281.3
723,2025-05-04,1127,2052,404,0,2193.78
724,2025-05-04,1022,2035,404,1,1619.98
725,2025-05-04,1107,2025,402,0,279.62
726,2025-05-04,1097,2091,403,3,2717.37
727,2025-05-04,1139,2062,403,2,1486.46
728,2025-05-04,1099,2034,402,0,408.51
729,2025-05-04,1081,2076,402,0,2418.21
730,2025-05-04,1199,2035,401,3,2699.97
731,2025-05-04,1135,2045,402,1,842.78
732,2025-05-04,1025,2031,402,2,904.48
733,2025-05-04,1136,2094,401,1,0.0
734,2025-05-04,1147,2049,403,1,3383.42
735,2025-05-04,1045,2030,403,2,407.93
736,2025-05-04,1151,2003,403,1,693.32
737,2025-05-04,1144,2024,404,2,298.25
738,2025-05-04,1044,2062,401,0,1238.72
739,2025-05-04,1014,2029,402,0,13.51
740,2025-05-04,1134,2061,401,2,639.74
741,2025-05-04,1157,2025,402,2,671.09
742,2025-05-04,1183,2022,403,0,2684.72
743,2025-05-04,1005,2018,402,0,542.26
744,2025-05-04,1134,2046,401,2,53.49
745,2025-05-04,1180,2084,404,0,281.85
746,2025-05-04,1086,2038,403,1,1667.72
747,2025-05-04,1040,2093,404,3,755.94
748,2025-05-04,1166,2040,402,2,27.63
749,2025-05-04,1057,2085,402,3,1452.9
750,2025-05-04,1078,2093,403,1,0.0
751,2025-05-04,1045,2093,401,3,2267.82
752,2025-05-04,1197,2072,401,1,1513.08
753,2025-05-04,1154,2040,402,0,69.08
754,2025-05-04,1127,2018,403,0,0.0
755,2025-05-04,1060,2044,403,1,934.11
756,2025-05-04,1162,2011,403,3,1229.22
757,2025-05-04,1002,2033,402,1,3010.5
758,2025-05-04,1177,2008,403,2,159.82
759,2025-05-04,1027,2092,401,0,482.21
760,2025-05-04,1098,2056,404,1,944.5
761,2025-05-04,1105,2063,404,2,2209.84
762,2025-05-04,1139,2048,401,3,357.63
763,2025-05-04,1147,2083,402,1,691.34
764,2025-05-04,1115,2009,401,2,53.05
765,2025-05-04,1005,2040,403,0,103.62
766,2025-05-04,1018,2043,402,3,2620.35
767,2025-05-04,1041,2093,401,0,755.94
768,2025-05-04,1086,2076,404,0,0.0
769,2025-05-04,1110,2083,402,3,768.16
770,2025-05-04,1040,2006,401,2,0.0
771,2025-05-04,1052,2024,404,2,298.25
772,2025-05-04,1169,2036,403,1,392.36
773,2025-05-04,1024,2006,404,3,0.0
774,2025-05-04,1039,2006,403,0,198.0
775,2025-05-04,1109,2011,403,3,1638.96
776,2025-05-04,1051,2012,401,1,1121.74
777,2025-05-04,1043,2081,403,0,746.22
778,2025-05-04,1121,2014,403,3,985.2
779,2025-05-04,1120,2062,403,0,2477.44
780,2025-05-04,1164,2069,404,1,0.0
781,2025-05-04,1094,2048,403,1,321.87
782,2025-05-04,1114,2005,403,3,428.78
783,2025-05-04,1119,2033,402,2,1338.0
784,2025-05-04,1144,2007,402,0,1166.78
785,2025-05-04,1021,2085,403,3,0.0
786,2025-05-04,1193,2075,402,0,1561.28
787,2025-05-04,1099,2066,404,3,0.0
788,2025-05-04,1146,2030,404,2,543.9
789,2025-05-04,1020,2050,401,1,168.1
790,2025-05-04,1030,2096,404,1,3024.81
791,2025-05-04,1042,2027,402,1,232.75
792,2025-05-04,1010,2054,401,3,900.51
793,2025-05-04,1051,2080,402,2,0.0
794,2025-05-04,1081,2093,401,0,755.94
795,2025-05-04,1099,2071,404,2,984.26
796,2025-05-04,1070,2066,404,0,0.0
797,2025-05-04,1179,2079,404,0,2851.62
798,2025-05-04,1106,2019,402,0,3735.72
799,2025-05-04,1027,2072,401,2,672.48
800,2025-05-04,1137,2044,404,2,830.32
801,2025-05-04,1098,2083,404,3,2304.48
802,2025-05-04,1009,2022,403,3,2684.72
803,2025-05-04,1036,2079,404,0,950.54
804,2025-05-04,1101,2042,402,0,335.22
805,2025-05-04,1190,2060,403,2,0.0
806,2025-05-04,1005,2043,403,2,2096.28
807,2025-05-04,1071,2062,401,1,557.42
808,2025-05-04,1034,2038,404,2,2223.62
809,2025-05-04,1068,2093,404,0,2267.82
810,2025-05-04,1048,2056,402,3,524.72
811,2025-05-04,1189,2062,403,0,1858.08
812,2025-05-04,1131,2020,401,2,0.0
813,2025-05-04,1181,2064,404,1,264.64
814,2025-05-04,1199,2067,401,1,0.0
815,2025-05-04,1049,2025,401,1,503.32
816,2025-05-04,1008,2058,401,2,533.4
817,2025-05-04,1180,2025,403,2,894.78
818,2025-05-04,1118,2064,404,0,882.12
819,2025-05-04,1174,2003,402,2,308.14
820,2025-05-04,1125,2076,404,1,725.46
821,2025-05-04,1121,2075,403,2,2498.05
822,2025-05-04,1041,2033,401,2,669.0
823,2025-05-04,1007,2049,401,1,845.86
824,2025-05-04,1146,2099,402,1,581.69
825,2025-05-04,1165,2028,402,2,1531.06
826,2025-05-04,1166,2052,401,0,731.26
827,2025-05-04,1121,2016,402,0,646.04
828,2025-05-04,1057,2032,403,2,3782.4
829,2025-05-04,1108,2048,403,3,357.63
830,2025-05-04,1064,2027,404,2,413.78
831,2025-05-04,1173,2066,404,0,2580.3
832,2025-05-04,1001,2065,403,2,376.27
833,2025-05-04,1076,2087,401,3,796.6
834,2025-05-04,1016,2043,403,2,2795.04
835,2025-05-04,1070,2033,403,1,752.62
836,2025-05-04,1038,2066,402,0,1032.12
837,2025-05-04,1153,2051,403,1,316.76
838,2025-05-04,1184,2003,404,2,1848.86
839,2025-05-04,1066,2053,404,3,0.0
840,2025-05-04,1188,2004,402,2,2967.2
841,2025-05-04,1185,2091,402,3,3623.16
842,2025-05-04,1171,2045,403,1,280.93
843,2025-05-04,1168,2071,402,2,1968.51
844,2025-05-04,1024,2060,402,2,326.7
845,2025-05-04,1185,2071,402,2,984.26
846,2025-05-04,1167,2011,402,2,327.79
847,2025-05-04,1057,2095,403,3,2453.95
848,2025-05-04,1084,2047,403,2,803.95
849,2025-05-04,1118,2015,404,0,4049.82
850,2025-05-04,1162,2074,401,3,659.5
851,2025-05-04,1049,2064,401,3,882.12
852,2025-05-04,1135,2038,404,0,926.51
853,2025-05-04,1038,2017,402,2,741.92
854,2025-05-04,1104,2072,404,1,1134.81
855,2025-05-04,1080,2091,402,0,2717.37
856,2025-05-04,1124,2042,402,2,0.0
857,2025-05-04,1162,2007,401,3,583.39
858,2025-05-04,1070,2026,402,1,190.4
859,2025-05-04,1125,2097,401,1,3031.56
860,2025-05-04,1157,2055,404,3,53.94
861,2025-05-04,1109,2061,404,0,799.68
862,2025-05-04,1009,2068,402,2,0.0
863,2025-05-04,1003,2041,402,0,2412.63
864,2025-05-04,1173,2000,402,1,872.38
865,2025-05-04,1177,2044,403,1,373.64
866,2025-05-04,1026,2049,403,1,3383.42
867,2025-05-04,1016,2005,403,2,686.05
868,2025-05-04,1116,2093,403,3,755.94
869,2025-05-04,1175,2017,403,3,463.7
870,2025-05-04,1091,2096,402,1,1209.92
871,2025-05-04,1103,2002,402,1,779.4
872,2025-05-04,1186,2016,402,0,646.04
873,2025-05-04,1150,2064,402,0,294.04
874,2025-05-04,1093,2091,401,3,2717.37
875,2025-05-04,1163,2032,401,0,0.0
876,2025-05-04,1169,2013,401,0,935.36
877,2025-05-04,1176,2014,404,3,1231.5
878,2025-05-04,1097,2015,403,3,2699.88
879,2025-05-04,1179,2019,402,0,1867.86
880,2025-05-04,1077,2053,401,2,976.24
881,2025-05-04,1159,2077,402,3,561.83
882,2025-05-04,1026,2065,401,2,1881.36
883,2025-05-04,1029,2013,404,1,0.0
884,2025-05-04,1155,2025,403,1,503.32
885,2025-05-04,1091,2090,404,2,171.94
886,2025-05-04,1041,2005,404,1,385.9
887,2025-05-04,1176,2061,403,1,359.86
888,2025-05-04,1000,2001,401,0,1649.4
889,2025-05-04,1146,2085,404,1,653.81
890,2025-05-04,1023,2099,401,0,1292.64
891,2025-05-04,1065,2082,402,3,266.6
892,2025-05-04,1075,2033,404,0,2508.75
893,2025-05-04,1025,2022,401,2,1073.89
894,2025-05-04,1092,2086,403,3,894.1
895,2025-05-04,1189,2014,401,0,0.0
896,2025-05-04,1002,2017,402,2,0.0
897,2025-05-04,1091,2056,403,0,1049.44
898,2025-05-04,1095,2043,402,0,0.0
899,2025-05-04,1102,2051,404,2,93.86
900,2025-05-04,1098,2088,404,3,0.0
901,2025-05-04,1166,2021,401,1,0.0
902,2025-05-04,1178,2092,401,1,867.98
903,2025-05-04,1026,2053,404,3,1830.45
904,2025-05-04,1046,2078,404,2,454.43
905,2025-05-04,1156,2003,402,3,1925.9
906,2025-05-04,1124,2014,404,3,0.0
907,2025-05-04,1011,2008,403,2,106.54
908,2025-05-04,1003,2090,402,2,57.31
909,2025-05-04,1132,2066,401,3,1548.18
910,2025-05-04,1169,2093,402,3,755.94
911,2025-05-04,1088,2084,404,1,0.0
912,2025-05-04,1142,2078,401,0,568.04
913,2025-05-04,1164,2020,404,3,1879.15
914,2025-05-04,1042,2009,404,2,53.05
915,2025-05-04,1061,2042,403,0,167.61
916,2025-05-04,1129,2028,404,3,2551.76
917,2025-05-04,1060,2010,404,3,544.88
918,2025-05-04,1146,2057,401,3,436.98
919,2025-05-04,1114,2040,401,3,34.54
920,2025-05-04,1190,2083,401,0,2304.48
921,2025-05-04,1103,2052,401,0,2193.78
922,2025-05-04,1023,2077,403,1,505.65
923,2025-05-04,1167,2085,404,2,387.44
924,2025-05-04,1093,2006,402,3,594.0
925,2025-05-04,1084,2071,404,2,492.13
926,2025-05-04,1183,2057,401,0,873.96
927,2025-05-04,1194,2084,402,0,563.7
928,2025-05-04,1087,2045,403,2,499.42
929,2025-05-04,1179,2013,401,1,1683.65
930,2025-05-04,1126,2017,404,0,927.4
931,2025-05-04,1065,2078,402,1,127.81
932,2025-05-04,1030,2050,402,3,186.78
933,2025-05-04,1005,2024,403,0,621.35
934,2025-05-04,1193,2053,401,0,1830.45
935,2025-05-04,1197,2057,404,1,1179.85
936,2025-05-04,1127,2000,401,3,969.31
937,2025-05-04,1149,2061,402,1,359.86
938,2025-05-04,1187,2016,401,3,2584.16
939,2025-05-04,1168,2076,403,3,2418.21
940,2025-05-04,1107,2077,402,2,898.93
941,2025-05-04,1101,2043,403,3,3493.8
942,2025-05-04,1034,2017,404,2,0.0
943,2025-05-04,1179,2070,403,1,61.52
944,2025-05-04,1051,2026,403,2,338.5
945,2025-05-04,1172,2016,402,2,516.83
946,2025-05-04,1181,2014,403,3,246.3
947,2025-05-04,1149,2073,404,2,799.09
948,2025-05-04,1108,2001,401,0,412.35
949,2025-05-04,1097,2018,401,0,1084.52
950,2025-05-04,1051,2034,402,2,217.87
951,2025-05-04,1174,2032,402,0,4728.0
952,2025-05-04,1176,2037,402,0,720.28
953,2025-05-04,1091,2057,401,1,786.56
954,2025-05-04,1190,2082,404,1,239.94
955,2025-05-04,1130,2089,403,0,413.52
956,2025-05-04,1097,2049,404,2,0.0
957,2025-05-04,1141,2006,401,2,0.0
958,2025-05-04,1051,2079,404,1,1710.97
959,2025-05-04,1162,2090,403,1,257.9
960,2025-05-04,1198,2092,402,2,771.54
961,2025-05-04,1114,2022,401,1,3020.31
962,2025-05-04,1044,2094,401,3,493.35
963,2025-05-04,1010,2054,403,2,720.41
964,2025-05-04,1033,2020,403,0,751.66
965,2025-05-04,1084,2059,402,0,0.0
966,2025-05-04,1039,2041,401,2,0.0
967,2025-05-04,1125,2073,403,0,1997.72
968,2025-05-04,1005,2090,403,1,193.43
969,2025-05-04,1047,2066,401,1,464.45
970,2025-05-04,1106,2069,404,0,464.78
971,2025-05-04,1089,2028,402,2,0.0
972,2025-05-04,1084,2046,403,1,0.0
973,2025-05-04,1192,2079,404,0,950.54
974,2025-05-04,1029,2085,403,3,726.45
975,2025-05-04,1061,2082,402,0,533.2
976,2025-05-04,1174,2041,404,0,804.21
977,2025-05-04,1098,2032,403,0,0.0
978,2025-05-04,1132,2098,403,3,3631.44
979,2025-05-04,1124,2005,403,1,1157.71
980,2025-05-04,1082,2065,401,0,1411.02
981,2025-05-04,1042,2098,401,0,4539.3
982,2025-05-04,1053,2085,402,3,726.45
983,2025-05-04,1026,2026,404,0,423.12
984,2025-05-04,1191,2087,402,0,477.96
985,2025-05-04,1117,2091,403,0,1811.58
986,2025-05-04,1022,2009,401,1,119.36
987,2025-05-04,1064,2071,401,1,1107.29
988,2025-05-04,1066,2052,404,3,5118.82
989,2025-05-04,1161,2051,404,2,375.42
990,2025-05-04,1004,2049,401,0,939.84
991,2025-05-04,1164,2092,401,0,2893.26
992,2025-05-04,1179,2009,403,0,66.31
993,2025-05-04,1074,2087,403,0,477.96
994,2025-05-04,1072,2097,404,3,842.1
995,2025-05-04,1101,2084,401,3,1127.4
996,2025-05-04,1040,2068,402,1,2952.86
997,2025-05-04,1191,2050,403,1,504.31
998,2025-05-04,1076,2086,403,0,2682.3
999,2025-05-04,1141,2071,402,0,1230.32
1000,2025-05-04,1010,2000,404,0,3877.24
1001,2025-05-04,1078,2026,403,1,761.62
1002,2025-05-04,1105,2082,402,1,239.94
1003,2025-05-04,1047,2028,403,1,1148.29
1004,2025-05-04,1029,2023,401,3,2818.62
1005,2025-05-04,1165,2070,401,2,54.69
1006,2025-05-04,1171,2008,403,0,133.18
1007,2025-05-04,1050,2092,404,2,771.54
1008,2025-05-04,1091,2016,402,0,1292.08
1009,2025-05-04,1072,2079,401,1,855.49
1010,2025-05-04,1081,2062,404,2,495.49
1011,2025-05-04,1157,2084,403,1,253.67
1012,2025-05-04,1144,2072,403,2,672.48
1013,2025-05-04,1109,2021,401,2,668.33
1014,2025-05-04,1063,2028,404,2,510.35
1015,2025-05-04,1092,2017,403,3,1854.8
1016,2025-05-04,1118,2057,403,2,699.17
1017,2025-05-04,1124,2070,401,1,30.76
1018,2025-05-04,1165,2077,401,2,449.46
1019,2025-05-04,1035,2068,402,2,1968.58
1020,2025-05-04,1187,2080,401,0,0.0
1021,2025-05-04,1004,2064,401,3,882.12
1022,2025-05-04,1196,2075,402,0,2341.92
1023,2025-05-04,1141,2033,404,1,0.0
1024,2025-05-04,1093,2050,402,2,448.27
1025,2025-05-04,1034,2059,401,3,1536.15
1026,2025-05-04,1093,2064,401,1,793.91
1027,2025-05-04,1157,2087,402,1,286.78
1028,2025-05-04,1114,2020,402,1,676.49
1029,2025-05-04,1188,2093,404,2,1814.26
1030,2025-05-04,1010,2028,404,1,1148.29
1031,2025-05-04,1016,2033,403,1,2257.88
1032,2025-05-04,1010,2085,402,2,387.44
1033,2025-05-04,1099,2060,404,0,0.0
1034,2025-05-04,1010,2083,403,0,768.16
1035,2025-05-04,1180,2066,403,2,1238.54
1036,2025-05-04,1148,2069,402,3,697.17
1037,2025-05-04,1167,2048,403,0,1072.89
1038,2025-05-04,1132,2032,404,1,851.04
1039,2025-05-04,1132,2051,403,2,187.71
1040,2025-05-04,1124,2061,401,1,0.0
1041,2025-05-04,1112,2021,402,0,835.41
1042,2025-05-04,1131,2082,403,1,239.94
1043,2025-05-04,1038,2023,402,2,0.0
1044,2025-05-04,1154,2091,401,1,3260.84
1045,2025-05-04,1106,2042,401,3,1173.27
1046,2025-05-04,1172,2061,404,1,719.71
1047,2025-05-04,1151,2020,404,0,1127.49
1048,2025-05-04,1062,2005,402,1,385.9
1049,2025-05-04,1034,2080,401,1,2996.14
1050,2025-05-04,1014,2021,403,1,1503.74
1051,2025-05-04,1132,2051,401,2,281.57
1052,2025-05-04,1021,2027,404,3,775.83
1053,2025-05-04,1123,2021,402,3,0.0
1054,2025-05-04,1153,2018,402,2,867.62
1055,2025-05-04,1042,2092,403,3,1446.63
1056,2025-05-04,1152,2075,401,1,2107.73
1057,2025-05-04,1096,2049,402,0,939.84
1058,2025-05-04,1004,2025,404,1,0.0
1059,2025-05-04,1155,2012,402,3,623.19
1060,2025-05-04,1157,2076,401,0,2418.21
1061,2025-05-04,1023,2061,402,0,199.92
1062,2025-05-04,1198,2086,404,3,894.1
1063,2025-05-04,1094,2005,404,1,771.8
1064,2025-05-04,1123,2098,404,2,3631.44
1065,2025-05-04,1150,2094,401,3,2466.75
1066,2025-05-04,1034,2032,404,1,1702.08
1067,2025-05-04,1021,2036,404,2,348.77
1068,2025-05-04,1048,2000,401,0,4846.55
1069,2025-05-04,1133,2000,404,1,872.38
1070,2025-05-04,1176,2040,404,2,55.26
1071,2025-05-04,1027,2019,404,2,747.14
1072,2025-05-04,1066,2068,404,2,1968.58
1073,2025-05-04,1156,2035,404,1,0.0
1074,2025-05-04,1105,2070,404,1,0.0
1075,2025-05-04,1094,2071,404,2,984.26
1076,2025-05-04,1078,2073,403,3,499.43
1077,2025-05-04,1188,2017,401,1,417.33
1078,2025-05-04,1114,2089,402,0,827.04
1079,2025-05-04,1054,2065,404,2,376.27
1080,2025-05-04,1140,2078,401,1,255.62
1081,2025-05-04,1099,2081,401,0,1492.44
1082,2025-05-04,1037,2060,404,0,1225.14
1083,2025-05-04,1016,2033,402,2,2007.0
1084,2025-05-04,1020,2077,401,3,561.83
1085,2025-05-04,1102,2078,403,0,142.01
1086,2025-05-04,1198,2022,404,3,671.18
1087,2025-05-04,1002,2025,403,1,503.32
1088,2025-05-04,1008,2076,402,1,1450.93
1089,2025-05-04,1172,2004,403,1,834.52
1090,2025-05-04,1167,2000,402,0,969.31
1091,2025-05-04,1070,2099,404,2,1551.17
1092,2025-05-04,1171,2050,404,1,168.1
1093,2025-05-04,1132,2001,401,0,2061.75
1094,2025-05-04,1140,2036,403,2,348.77
1095,2025-05-04,1070,2028,402,3,2551.76
1096,2025-05-04,1103,2073,401,2,0.0
1097,2025-05-04,1044,2052,401,0,2193.78
1098,2025-05-04,1128,2037,403,0,0.0
1099,2025-05-04,1131,2032,403,3,4728.0
1100,2025-05-04,1096,2072,404,1,378.27
1101,2025-05-04,1193,2043,404,3,2620.35
1102,2025-05-04,1150,2003,404,0,1155.54
1103,2025-05-04,1066,2008,404,1,59.93
1104,2025-05-04,1173,2089,402,2,0.0
1105,2025-05-04,1105,2045,401,2,499.42
1106,2025-05-04,1063,2036,401,3,653.94
1107,2025-05-04,1172,2095,403,0,981.58
1108,2025-05-04,1141,2022,404,2,0.0
1109,2025-05-04,1090,2027,403,1,698.25
1110,2025-05-04,1191,2087,402,3,955.92
1111,2025-05-04,1188,2025,402,1,251.66
1112,2025-05-04,1067,2026,402,1,380.81
1113,2025-05-04,1063,2079,403,1,1710.97
1114,2025-05-04,1199,2013,401,0,5612.16
1115,2025-05-04,1173,2084,404,0,281.85
1116,2025-05-04,1195,2069,401,3,697.17
1117,2025-05-04,1095,2079,403,3,950.54
1118,2025-05-04,1147,2035,404,1,809.99
1119,2025-05-04,1195,2065,403,3,1411.02
1120,2025-05-04,1056,2096,402,0,0.0
1121,2025-05-04,1134,2054,404,0,3602.04
1122,2025-05-04,1128,2044,404,1,373.64
1123,2025-05-04,1117,2015,404,2,1619.93
1124,2025-05-04,1176,2001,401,1,371.12
1125,2025-05-04,1097,2074,401,2,527.6
1126,2025-05-04,1092,2078,403,1,383.43
1127,2025-05-04,1140,2033,402,2,1338.0
1128,2025-05-04,1120,2078,403,2,227.22
1129,2025-05-04,1047,2063,404,1,0.0
1130,2025-05-04,1107,2089,403,2,330.82
1131,2025-05-04,1102,2035,404,1,1619.98
1132,2025-05-04,1146,2016,402,0,0.0
1133,2025-05-04,1184,2034,402,3,680.85
1134,2025-05-04,1097,2025,402,1,1258.29
1135,2025-05-04,1121,2001,402,3,0.0
1136,2025-05-04,1127,2017,403,3,0.0
1137,2025-05-04,1076,2032,401,3,6619.2
1138,2025-05-04,1025,2088,402,0,0.0
1139,2025-05-04,1055,2032,404,0,945.6
1140,2025-05-04,1115,2095,403,2,0.0
1141,2025-05-04,1092,2046,403,2,80.23
1142,2025-05-04,1005,2052,401,2,1170.02
1143,2025-05-04,1173,2077,402,1,1516.94
1144,2025-05-04,1199,2036,403,2,871.92
1145,2025-05-04,1172,2065,404,3,2822.04
1146,2025-05-04,1020,2048,403,3,1072.89
1147,2025-05-04,1161,2018,402,2,1301.42
1148,2025-05-04,1107,2080,404,0,4993.56
1149,2025-05-04,1020,2020,403,1,1014.74
1150,2025-05-04,1080,2040,403,2,55.26
1151,2025-05-04,1154,2082,404,2,639.84
1152,2025-05-04,1113,2099,403,3,646.32
1153,2025-05-04,1105,2021,402,0,835.41
1154,2025-05-04,1032,2093,402,2,2419.01
1155,2025-05-04,1190,2089,401,1,0.0
1156,2025-05-04,1042,2050,401,0,1120.68
1157,2025-05-04,1016,2060,401,0,816.76
1158,2025-05-04,1197,2050,401,0,560.34
1159,2025-05-04,1067,2079,402,0,1901.08
1160,2025-05-04,1167,2049,403,1,0.0
1161,2025-05-04,1063,2094,403,3,493.35
1162,2025-05-04,1160,2016,402,1,1162.87
1163,2025-05-04,1007,2004,403,2,2225.4
1164,2025-05-04,1121,2059,403,3,2048.2
1165,2025-05-04,1034,2089,402,3,2481.12
1166,2025-05-04,1161,2095,404,2,392.63
1167,2025-05-04,1088,2061,402,0,799.68
1168,2025-05-04,1113,2039,403,3,976.44
1169,2025-05-04,1066,2019,403,0,933.93
1170,2025-05-04,1000,2066,402,2,412.85
1171,2025-05-04,1073,2060,401,3,0.0
1172,2025-05-04,1193,2061,403,0,199.92
1173,2025-05-04,1196,2055,403,1,194.18
1174,2025-05-04,1001,2070,403,1,61.52
1175,2025-05-04,1105,2071,404,3,615.16
1176,2025-05-04,1063,2020,404,3,375.83
1177,2025-05-04,1056,2033,401,3,836.25
1178,2025-05-04,1160,2030,403,2,271.95
1179,2025-05-04,1166,2095,403,3,1472.37
1180,2025-05-04,1048,2008,402,1,0.0
1181,2025-05-04,1074,2014,404,3,738.9
1182,2025-05-04,1069,2089,404,1,372.17
1183,2025-05-04,1082,2002,402,0,1732.0
1184,2025-05-04,1136,2002,402,0,1732.0
1185,2025-05-04,1072,2034,402,3,0.0
1186,2025-05-04,1186,2001,402,0,824.7
1187,2025-05-04,1038,2001,404,1,0.0
1188,2025-05-04,1087,2053,403,3,2440.6
1189,2025-05-04,1095,2059,401,2,1638.56
1190,2025-05-04,1020,2096,402,0,2688.72
1191,2025-05-04,1068,2099,404,0,1938.96
1192,2025-05-04,1139,2060,402,1,1102.63
1193,2025-05-04,1064,2048,401,0,715.26
1194,2025-05-04,1196,2091,402,3,0.0
1195,2025-05-04,1197,2056,402,0,1049.44
1196,2025-05-04,1050,2058,401,1,1800.22
1197,2025-05-04,1121,2049,403,2,751.87
1198,2025-05-04,1040,2080,401,0,1664.52
1199,2025-05-04,1064,2061,403,1,179.93
1200,2025-05-04,1092,2006,402,0,198.0
1201,2025-05-04,1060,2081,404,2,1193.95
1202,2025-05-04,1003,2021,403,0,2506.23
1203,2025-05-04,1101,2031,401,0,1130.6
1204,2025-05-04,1148,2088,404,1,0.0
1205,2025-05-04,1095,2098,401,1,2451.22
1206,2025-05-04,1040,2063,401,2,883.94
1207,2025-05-04,1194,2080,401,0,1664.52
1208,2025-05-04,1091,2082,402,0,0.0
1209,2025-05-04,1032,2062,402,2,1981.95
1210,2025-05-04,1142,2082,403,3,799.8
1211,2025-05-04,1187,2024,401,3,372.81
1212,2025-05-04,1091,2092,402,2,385.77
1213,2025-05-04,1010,2062,404,2,990.98
1214,2025-05-04,1138,2089,404,1,744.34
1215,2025-05-04,1145,2023,403,2,1503.26
1216,2025-05-04,1187,2059,403,1,1843.38
1217,2025-05-04,1017,2067,402,3,0.0
1218,2025-05-04,1075,2033,403,3,836.25
1219,2025-05-04,1000,2099,404,1,2326.75
1220,2025-05-04,1004,2079,403,1,0.0
1221,2025-05-04,1082,2092,401,3,0.0
1222,2025-05-04,1048,2067,404,1,785.56
1223,2025-05-04,1156,2036,403,3,0.0
1224,2025-05-04,1164,2041,401,0,804.21
1225,2025-05-04,1133,2084,401,0,0.0
1226,2025-05-04,1033,2022,401,1,604.06
1227,2025-05-04,1027,2062,402,0,1238.72
1228,2025-05-04,1008,2073,404,3,1498.29
1229,2025-05-04,1134,2079,403,0,950.54
1230,2025-05-04,1093,2028,401,0,1275.88
1231,2025-05-04,1053,2083,404,0,2304.48
1232,2025-05-04,1119,2081,401,2,0.0
1233,2025-05-04,1142,2095,404,2,1177.9
1234,2025-05-04,1181,2007,403,0,583.39
1235,2025-05-04,1187,2009,403,0,265.24
1236,2025-05-04,1055,2066,401,0,2580.3
1237,2025-05-04,1185,2029,404,1,12.16
1238,2025-05-04,1049,2067,402,1,261.86
1239,2025-05-04,1142,2095,404,0,1963.16
1240,2025-05-04,1196,2081,403,3,746.22
1241,2025-05-04,1179,2085,404,0,242.15
1242,2025-05-04,1042,2023,404,2,2254.9
1243,2025-05-04,1168,2020,404,2,601.33
1244,2025-05-04,1080,2070,403,2,0.0
1245,2025-05-04,1105,2097,404,2,673.68
1246,2025-05-04,1155,2030,402,3,509.91
1247,2025-05-04,1196,2070,403,2,27.34
1248,2025-05-04,1115,2057,404,0,1747.92
1249,2025-05-04,1185,2004,403,0,2781.75
1250,2025-05-04,1132,2017,403,0,0.0
1251,2025-05-04,1076,2028,402,2,1020.7
1252,2025-05-04,1005,2098,403,1,3268.3
1253,2025-05-04,1024,2004,404,2,1483.6
1254,2025-05-04,1039,2017,403,2,370.96
1255,2025-05-04,1149,2031,402,2,904.48
1256,2025-05-04,1076,2011,404,1,737.53
1257,2025-05-04,1187,2009,403,3,198.93
1258,2025-05-04,1044,2062,401,2,495.49
1259,2025-05-04,1009,2093,404,0,0.0
1260,2025-05-04,1199,2007,403,2,1400.14
1261,2025-05-04,1111,2053,401,1,3294.81
1262,2025-05-04,1191,2083,401,3,768.16
1263,2025-05-04,1013,2039,401,2,1562.3
1264,2025-05-04,1138,2072,402,2,672.48
1265,2025-05-04,1128,2089,402,1,744.34
1266,2025-05-04,1012,2086,404,3,2682.3
1267,2025-05-04,1192,2076,401,1,1450.93
1268,2025-05-04,1110,2037,404,1,324.13
1269,2025-05-04,1033,2043,401,3,4367.25
1270,2025-05-04,1146,2095,401,3,1963.16
1271,2025-05-04,1067,2010,404,3,0.0
1272,2025-05-04,1198,2089,402,1,744.34
1273,2025-05-04,1123,2071,402,3,1845.48
1274,2025-05-04,1101,2083,402,1,2074.03
1275,2025-05-04,1062,2009,403,3,66.31
1276,2025-05-04,1082,2087,401,0,318.64
1277,2025-05-04,1171,2052,404,2,0.0
1278,2025-05-04,1089,2024,403,2,298.25
1279,2025-05-04,1152,2083,401,2,1843.58
1280,2025-05-04,1043,2044,404,1,373.64
1281,2025-05-04,1112,2005,402,1,0.0
1282,2025-05-04,1175,2047,402,0,1004.94
1283,2025-05-04,1028,2094,401,1,888.03
1284,2025-05-04,1158,2018,403,0,2169.04
1285,2025-05-04,1087,2088,401,2,567.48
1286,2025-05-04,1115,2060,401,2,980.11
1287,2025-05-04,1053,2094,402,1,888.03
1288,2025-05-04,1139,2066,403,3,2580.3
1289,2025-05-04,1159,2093,402,0,0.0
1290,2025-05-04,1096,2074,401,2,1055.2
1291,2025-05-04,1043,2007,403,1,525.05
1292,2025-05-04,1178,2079,403,0,950.54
1293,2025-05-04,1119,2083,401,0,768.16
1294,2025-05-04,1099,2084,403,2,0.0
1295,2025-05-04,1027,2002,403,3,866.0
1296,2025-05-04,1059,2048,401,2,572.21
1297,2025-05-04,1124,2076,401,1,2176.39
1298,2025-05-04,1050,2064,404,0,1470.2
1299,2025-05-04,1010,2031,403,2,1356.72
1300,2025-05-04,1125,2050,402,0,373.56
1301,2025-05-04,1088,2087,403,2,509.82
1302,2025-05-04,1160,2038,402,2,2223.62
1303,2025-05-04,1015,2080,403,3,2496.78
1304,2025-05-04,1007,2071,403,1,553.64
1305,2025-05-04,1038,2043,404,1,786.1
1306,2025-05-04,1022,2093,404,1,2721.38
1307,2025-05-04,1106,2030,402,3,1019.82
1308,2025-05-04,1079,2077,403,3,561.83
1309,2025-05-04,1138,2016,402,1,872.15
1310,2025-05-04,1148,2069,402,1,418.3
1311,2025-05-04,1079,2088,402,3,709.35
1312,2025-05-04,1197,2018,402,2,867.62
1313,2025-05-04,1017,2071,401,1,553.64
1314,2025-05-04,1081,2018,401,2,867.62
1315,2025-05-04,1105,2052,403,3,731.26
1316,2025-05-04,1190,2081,403,1,0.0
1317,2025-05-04,1199,2024,401,1,223.69
1318,2025-05-04,1047,2003,403,1,346.66
1319,2025-05-04,1152,2029,402,0,27.02
1320,2025-05-04,1091,2010,404,1,210.17
1321,2025-05-04,1128,2077,404,2,0.0
1322,2025-05-04,1047,2049,404,3,0.0
1323,2025-05-04,1035,2020,402,1,676.49
1324,2025-05-04,1008,2052,401,2,585.01
1325,2025-05-04,1105,2028,402,1,1148.29
1326,2025-05-04,1016,2022,404,3,2684.72
1327,2025-05-04,1176,2041,404,1,1447.58
1328,2025-05-04,1109,2051,401,3,469.28
1329,2025-05-04,1184,2040,404,0,103.62
1330,2025-05-04,1133,2013,404,3,3741.44
1331,2025-05-04,1010,2031,404,0,1130.6
1332,2025-05-04,1142,2049,401,1,0.0
1333,2025-05-04,1074,2056,404,2,839.55
1334,2025-05-04,1198,2036,404,1,392.36
1335,2025-05-04,1108,2037,401,1,648.25
1336,2025-05-04,1118,2082,404,0,799.8
1337,2025-05-04,1184,2064,401,1,264.64
1338,2025-05-04,1199,2074,402,3,1978.5
1339,2025-05-04,1105,2041,404,0,0.0
1340,2025-05-04,1045,2058,402,3,0.0
1341,2025-05-04,1023,2032,403,1,1702.08
1342,2025-05-04,1183,2093,401,0,2267.82
1343,2025-05-04,1029,2090,404,2,57.31
1344,2025-05-04,1021,2067,404,1,261.86
1345,2025-05-04,1096,2070,404,0,136.72
1346,2025-05-04,1196,2021,403,1,751.87
1347,2025-05-04,1041,2018,402,0,1084.52
1348,2025-05-04,1107,2039,403,3,0.0
1349,2025-05-04,1073,2080,402,0,3329.04
1350,2025-05-04,1033,2025,401,2,671.09
1351,2025-05-04,1003,2058,404,3,2000.25
1352,2025-05-04,1139,2000,404,1,1744.76
1353,2025-05-04,1055,2075,404,3,3122.56
1354,2025-05-04,1104,2056,401,0,1574.16
1355,2025-05-04,1062,2070,403,1,30.76
1356,2025-05-04,1012,2023,402,0,2818.62
1357,2025-05-04,1167,2044,401,1,560.47
1358,2025-05-04,1008,2085,403,2,0.0
1359,2025-05-04,1022,2006,401,3,990.0
1360,2025-05-04,1045,2020,403,1,1352.99
1361,2025-05-04,1116,2095,403,0,981.58
1362,2025-05-04,1023,2098,403,2,1452.58
1363,2025-05-04,1094,2048,401,3,1072.89
1364,2025-05-04,1140,2008,403,3,0.0
1365,2025-05-04,1034,2015,403,2,1079.95
1366,2025-05-04,1134,2052,402,1,1316.27
1367,2025-05-04,1156,2007,401,0,1750.17
1368,2025-05-04,1123,2092,403,3,0.0
1369,2025-05-04,1155,2040,403,2,27.63
1370,2025-05-04,1033,2078,404,3,568.04
1371,2025-05-04,1126,2023,402,2,2254.9
1372,2025-05-04,1049,2000,401,0,3877.24
1373,2025-05-04,1119,2080,401,1,0.0
1374,2025-05-04,1157,2053,404,0,1830.45
1375,2025-05-04,1085,2044,402,0,207.58
1376,2025-05-04,1163,2025,403,2,447.39
1377,2025-05-04,1017,2039,403,2,3905.76
1378,2025-05-04,1196,2000,401,2,0.0
1379,2025-05-04,1087,2050,401,1,168.1
1380,2025-05-04,1049,2042,403,3,670.44
1381,2025-05-04,1121,2004,402,3,3709.0
1382,2025-05-04,1039,2080,404,2,665.81
1383,2025-05-04,1118,2052,401,2,0.0
1384,2025-05-04,1144,2092,403,0,1446.63
1385,2025-05-04,1053,2073,403,2,1198.63
1386,2025-05-04,1016,2019,403,0,0.0
1387,2025-05-04,1086,2048,402,3,1072.89
1388,2025-05-04,1047,2076,401,2,0.0
1389,2025-05-04,1180,2040,401,2,110.53
1390,2025-05-04,1105,2011,404,1,0.0
1391,2025-05-04,1095,2057,403,1,786.56
1392,2025-05-04,1134,2038,402,0,926.51
1393,2025-05-04,1095,2004,402,0,0.0
1394,2025-05-04,1113,2064,401,3,294.04
1395,2025-05-04,1128,2019,402,2,1494.29
1396,2025-05-04,1123,2093,403,2,3023.76
1397,2025-05-04,1036,2098,401,1,817.07
1398,2025-05-04,1052,2092,401,3,1928.84
1399,2025-05-04,1099,2091,401,0,905.79
1400,2025-05-04,1079,2005,401,2,1715.12
1401,2025-05-04,1119,2005,401,2,686.05
1402,2025-05-04,1005,2073,403,1,0.0
1403,2025-05-04,1082,2025,402,2,223.7
1404,2025-05-04,1070,2068,403,3,2460.72
1405,2025-05-04,1171,2015,403,1,0.0
1406,2025-05-04,1040,2035,401,0,899.99
1407,2025-05-04,1159,2071,401,1,1660.93
1408,2025-05-04,1138,2044,403,2,0.0
1409,2025-05-04,1036,2090,403,1,0.0
1410,2025-05-04,1043,2009,403,2,106.1
1411,2025-05-04,1138,2056,401,1,944.5
1412,2025-05-04,1007,2060,401,0,816.76
1413,2025-05-04,1098,2006,401,3,990.0
1414,2025-05-04,1100,2022,404,2,1610.83
1415,2025-05-04,1079,2042,402,0,167.61
1416,2025-05-04,1193,2097,404,1,2273.67
1417,2025-05-04,1023,2089,404,0,413.52
1418,2025-05-04,1116,2039,404,3,3905.76
1419,2025-05-04,1059,2028,402,2,1531.06
1420,2025-05-04,1093,2050,402,2,298.85
1421,2025-05-04,1083,2058,404,0,2000.25
1422,2025-05-04,1016,2060,401,2,653.41
1423,2025-05-04,1122,2059,402,2,1228.92
1424,2025-05-04,1196,2044,402,0,207.58
1425,2025-05-04,1103,2091,401,2,2173.9
1426,2025-05-04,1142,2083,401,2,1229.06
1427,2025-05-04,1136,2059,404,3,2560.25
1428,2025-05-04,1061,2079,402,1,2566.46
1429,2025-05-04,1123,2049,401,2,751.87
1430,2025-05-04,1053,2088,404,3,709.35
1431,2025-05-04,1145,2043,402,1,1572.21
1432,2025-05-04,1169,2085,401,3,1210.75
1433,2025-05-04,1029,2075,404,2,1249.02
1434,2025-05-04,1142,2012,404,1,1682.61
1435,2025-05-04,1078,2051,401,0,117.32
1436,2025-05-04,1175,2076,404,2,1289.71
1437,2025-05-04,1126,2082,401,0,1066.4
1438,2025-05-04,1055,2017,401,1,1669.32
1439,2025-05-04,1169,2019,404,2,747.14
1440,2025-05-04,1099,2078,404,1,383.43
1441,2025-05-04,1052,2087,403,2,0.0
1442,2025-05-04,1145,2086,403,3,2682.3
1443,2025-05-04,1183,2044,401,0,1037.9
1444,2025-05-04,1156,2065,404,1,423.31
1445,2025-05-04,1075,2007,403,0,1166.78
1446,2025-05-04,1000,2090,403,0,143.28
1447,2025-05-04,1072,2003,402,3,0.0
1448,2025-05-04,1179,2075,404,2,1873.54
1449,2025-05-04,1182,2048,404,3,357.63
1450,2025-05-04,1111,2069,402,1,836.6
1451,2025-05-04,1121,2017,402,3,2782.2
1452,2025-05-04,1092,2053,402,2,1464.36
1453,2025-05-04,1171,2016,402,0,646.04
1454,2025-05-04,1018,2082,401,1,0.0
1455,2025-05-04,1184,2062,404,1,1672.27
1456,2025-05-04,1021,2017,404,3,463.7
1457,2025-05-04,1178,2077,404,1,505.65
1458,2025-05-04,1116,2065,404,3,470.34
1459,2025-05-04,1098,2045,402,1,280.93
1460,2025-05-04,1108,2077,401,3,1685.49
1461,2025-05-04,1187,2030,403,3,509.91
1462,2025-05-04,1139,2073,403,0,499.43
1463,2025-05-04,1009,2072,404,2,0.0
1464,2025-05-04,1028,2074,404,0,3297.5
1465,2025-05-04,1036,2093,403,3,0.0
1466,2025-05-04,1132,2010,401,1,0.0
1467,2025-05-04,1120,2080,401,2,665.81
1468,2025-05-04,1156,2006,403,0,198.0
1469,2025-05-04,1120,2058,404,2,1600.2
1470,2025-05-04,1107,2045,403,2,249.71
1471,2025-05-04,1042,2004,403,2,0.0
1472,2025-05-04,1015,2080,404,1,749.03
1473,2025-05-04,1146,2006,403,0,792.0
1474,2025-05-04,1073,2062,401,1,1114.85
1475,2025-05-04,1129,2009,403,2,0.0
1476,2025-05-04,1033,2078,403,2,340.82
1477,2025-05-04,1065,2001,401,1,371.12
1478,2025-05-04,1151,2094,402,3,493.35
1479,2025-05-04,1094,2022,403,1,0.0
1480,2025-05-04,1124,2023,401,2,2254.9
1481,2025-05-04,1021,2018,402,3,542.26
1482,2025-05-04,1192,2052,404,1,0.0
1483,2025-05-04,1169,2056,402,1,944.5
1484,2025-05-04,1147,2093,403,0,2267.82
1485,2025-05-04,1164,2033,401,0,836.25
1486,2025-05-04,1042,2059,404,3,3072.3
1487,2025-05-04,1077,2060,402,3,1633.52
1488,2025-05-04,1174,2090,404,3,286.56
1489,2025-05-04,1067,2018,404,0,2169.04
1490,2025-05-04,1073,2057,404,2,349.58
1491,2025-05-04,1135,2087,401,0,318.64
1492,2025-05-04,1136,2081,403,3,2238.66
1493,2025-05-04,1156,2083,403,2,1229.06
1494,2025-05-04,1069,2034,401,2,217.87
1495,2025-05-04,1167,2074,404,3,2638.0
1496,2025-05-04,1197,2086,402,1,2414.07
1497,2025-05-04,1133,2043,402,2,1397.52
1498,2025-05-04,1140,2001,401,0,1237.05
1499,2025-05-04,1003,2052,401,0,731.26
1500,2025-05-04,1175,2057,403,1,1179.85
1501,2025-05-04,1185,2036,403,1,980.91
1502,2025-05-04,1008,2003,401,0,0.0
1503,2025-05-04,1152,2084,402,0,281.85
1504,2025-05-04,1181,2015,401,1,1214.95
1505,2025-05-04,1096,2084,402,0,0.0
1506,2025-05-04,1178,2023,403,2,1503.26
1507,2025-05-04,1119,2084,401,3,0.0
1508,2025-05-04,1070,2098,404,2,1452.58
1509,2025-05-04,1065,2020,401,2,300.66
1510,2025-05-04,1198,2007,404,3,2333.56
1511,2025-05-04,1085,2007,403,2,933.42
1512,2025-05-04,1045,2056,401,3,3148.32
1513,2025-05-04,1051,2078,404,1,383.43
1514,2025-05-04,1165,2062,401,1,557.42
1515,2025-05-04,1138,2098,404,1,817.07
1516,2025-05-04,1157,2082,401,3,1066.4
1517,2025-05-04,1183,2033,401,0,0.0
1518,2025-05-04,1018,2009,403,3,0.0
1519,2025-05-04,1004,2063,402,0,552.46
1520,2025-05-04,1009,2085,404,2,193.72
1521,2025-05-04,1038,2089,403,3,1240.56
1522,2025-05-04,1147,2000,404,3,4846.55
1523,2025-05-04,1111,2051,401,1,211.18
1524,2025-05-04,1000,2049,404,0,5639.04
1525,2025-05-04,1145,2068,403,2,656.19
1526,2025-05-04,1174,2038,404,0,1853.02
1527,2025-05-04,1161,2082,401,2,213.28
1528,2025-05-04,1136,2043,401,3,3493.8
1529,2025-05-04,1194,2098,403,1,2451.22
1530,2025-05-04,1045,2070,401,3,102.54
1531,2025-05-04,1169,2024,403,3,621.35
1532,2025-05-04,1027,2080,403,3,2496.78
1533,2025-05-04,1021,2080,404,1,2247.1
1534,2025-05-04,1035,2004,402,0,1854.5
1535,2025-05-04,1184,2075,402,3,2341.92
1536,2025-05-04,1099,2008,403,3,66.59
1537,2025-05-04,1136,2057,401,0,1310.94
1538,2025-05-04,1086,2007,403,0,1750.17
1539,2025-05-04,1103,2015,402,3,2024.91
1540,2025-05-04,1173,2068,402,1,0.0
1541,2025-05-04,1018,2004,402,3,927.25
1542,2025-05-04,1167,2002,404,0,866.0
1543,2025-05-04,1062,2089,402,0,2067.6
1544,2025-05-04,1044,2080,401,2,665.81
1545,2025-05-04,1024,2058,402,0,2000.25
1546,2025-05-04,1027,2014,404,1,443.34
1547,2025-05-04,1016,2025,404,2,671.09
1548,2025-05-04,1188,2086,404,2,2861.12
1549,2025-05-04,1030,2087,402,2,382.37
1550,2025-05-04,1054,2097,401,1,2273.67
1551,2025-05-04,1085,2008,401,2,106.54
1552,2025-05-04,1036,2096,404,1,1814.89
1553,2025-05-04,1178,2047,402,3,1004.94
1554,2025-05-04,1062,2074,401,1,1187.1
1555,2025-05-04,1025,2080,404,1,3745.17
1556,2025-05-04,1004,2062,401,0,2477.44
1557,2025-05-04,1001,2022,401,2,536.94
1558,2025-05-04,1106,2088,404,1,1276.83
1559,2025-05-04,1052,2018,403,3,2169.04
1560,2025-05-04,1105,2030,402,0,339.94
1561,2025-05-04,1152,2023,404,0,1879.08
1562,2025-05-04,1160,2038,403,3,0.0
1563,2025-05-04,1001,2071,402,1,1660.93
1564,2025-05-04,1030,2067,401,2,465.52
1565,2025-05-04,1194,2069,402,3,929.56
1566,2025-05-04,1197,2080,402,2,1331.62
1567,2025-05-04,1013,2024,401,1,335.53
1568,2025-05-04,1175,2060,404,1,735.08
1569,2025-05-04,1040,2085,401,0,484.3
1570,2025-05-04,1165,2046,403,1,60.17
1571,2025-05-04,1111,2032,403,3,3782.4
1572,2025-05-04,1011,2013,401,1,1683.65
1573,2025-05-04,1040,2003,404,0,385.18
1574,2025-05-04,1018,2030,404,2,135.98
1575,2025-05-04,1107,2025,403,1,754.97
1576,2025-05-04,1199,2014,403,1,0.0
1577,2025-05-04,1025,2030,404,1,0.0
1578,2025-05-04,1096,2028,401,3,2551.76
1579,2025-05-04,1149,2062,401,3,1858.08
1580,2025-05-04,1037,2027,404,1,465.5
1581,2025-05-04,1099,2047,402,3,0.0
1582,2025-05-04,1184,2024,403,2,198.83
1583,2025-05-04,1051,2042,402,0,167.61
1584,2025-05-04,1177,2072,401,2,672.48
1585,2025-05-04,1034,2014,404,3,985.2
1586,2025-05-04,1107,2021,403,1,751.87
1587,2025-05-04,1075,2077,402,1,2528.24
1588,2025-05-04,1147,2070,402,0,34.18
1589,2025-05-04,1105,2066,404,1,928.91
1590,2025-05-04,1151,2060,404,2,653.41
1591,2025-05-04,1003,2093,404,1,680.35
1592,2025-05-04,1063,2041,404,1,2171.37
1593,2025-05-04,1151,2019,401,3,933.93
1594,2025-05-04,1011,2005,404,0,428.78
1595,2025-05-04,1108,2067,404,3,290.95
1596,2025-05-04,1178,2012,404,3,623.19
1597,2025-05-04,1061,2010,401,3,389.2
1598,2025-05-04,1055,2016,403,2,0.0
1599,2025-05-04,1061,2082,401,0,266.6
1600,2025-05-04,1122,2085,403,1,217.94
1601,2025-05-04,1180,2058,401,3,666.75
1602,2025-05-04,1118,2098,402,3,907.86
1603,2025-05-04,1047,2047,404,0,334.98
1604,2025-05-04,1160,2009,404,2,0.0
1605,2025-05-04,1135,2004,403,3,3709.0
1606,2025-05-04,1192,2034,402,0,0.0
1607,2025-05-04,1158,2042,401,2,402.26
1608,2025-05-04,1013,2014,404,2,197.04
1609,2025-05-04,1119,2079,401,2,4562.59
1610,2025-05-04,1093,2022,401,1,604.06
1611,2025-05-04,1035,2042,402,0,335.22
1612,2025-05-04,1166,2061,402,1,179.93
1613,2025-05-04,1082,2045,403,3,312.14
1614,2025-05-04,1070,2006,401,2,633.6
1615,2025-05-04,1088,2057,404,0,436.98
1616,2025-05-04,1120,2090,403,3,214.92
1617,2025-05-04,1158,2047,401,1,904.45
1618,2025-05-04,1117,2011,401,3,0.0
1619,2025-05-04,1045,2036,401,0,217.98
1620,2025-05-04,1042,2035,401,1,809.99
1621,2025-05-04,1127,2019,402,0,933.93
1622,2025-05-04,1075,2053,402,3,2440.6
1623,2025-05-04,1088,2053,404,0,610.15
1624,2025-05-04,1074,2024,401,0,248.54
1625,2025-05-04,1059,2066,403,3,2064.24
1626,2025-05-04,1148,2043,403,3,873.45
1627,2025-05-04,1151,2085,404,3,726.45
1628,2025-05-04,1077,2072,402,2,1008.72
1629,2025-05-04,1043,2033,402,3,836.25
1630,2025-05-04,1095,2036,401,1,392.36
1631,2025-05-04,1090,2036,404,1,588.55
1632,2025-05-04,1158,2020,403,1,676.49
1633,2025-05-04,1044,2090,402,1,0.0
1634,2025-05-04,1060,2014,401,2,591.12
1635,2025-05-04,1147,2016,404,2,516.83
1636,2025-05-04,1094,2023,402,0,1879.08
1637,2025-05-04,1170,2040,403,1,0.0
1638,2025-05-04,1095,2057,402,2,349.58
1639,2025-05-04,1031,2003,404,3,0.0
1640,2025-05-04,1196,2018,404,2,433.81
1641,2025-05-04,1039,2000,403,2,775.45
1642,2025-05-04,1121,2037,402,3,1080.42
1643,2025-05-04,1086,2088,401,3,2837.4
1644,2025-05-04,1010,2017,401,2,1112.88
1645,2025-05-04,1006,2051,402,3,351.96
1646,2025-05-04,1091,2011,403,0,819.48
1647,2025-05-04,1155,2082,402,1,959.76
1648,2025-05-04,1005,2098,403,1,817.07
1649,2025-05-04,1005,2010,404,0,233.52
1650,2025-05-04,1131,2050,402,3,747.12
1651,2025-05-04,1081,2077,401,2,1797.86
1652,2025-05-04,1101,2018,404,2,867.62
1653,2025-05-04,1098,2047,401,2,1071.94
1654,2025-05-04,1088,2044,403,3,830.32
1655,2025-05-04,1143,2011,402,3,1229.22
1656,2025-05-04,1189,2053,404,2,1464.36
1657,2025-05-04,1041,2093,404,3,2267.82
1658,2025-05-04,1035,2075,401,1,1405.15
1659,2025-05-04,1053,2038,404,2,2964.83
1660,2025-05-04,1016,2075,404,0,3122.56
1661,2025-05-04,1001,2052,403,3,731.26
1662,2025-05-04,1044,2071,404,1,553.64
1663,2025-05-04,1051,2023,404,2,0.0
1664,2025-05-04,1141,2062,401,2,1486.46
1665,2025-05-04,1149,2038,404,3,926.51
1666,2025-05-04,1057,2003,401,1,2079.97
1667,2025-05-04,1067,2038,404,0,926.51
1668,2025-05-04,1167,2085,403,3,242.15
1669,2025-05-04,1045,2062,402,0,1858.08
1670,2025-05-04,1030,2097,403,3,3368.4
1671,2025-05-04,1017,2076,403,3,0.0
1672,2025-05-04,1144,2055,403,3,161.82
1673,2025-05-04,1177,2015,403,0,674.97
1674,2025-05-04,1066,2020,401,1,1014.74
1675,2025-05-04,1081,2059,402,2,409.64
1676,2025-05-04,1041,2006,403,2,475.2
1677,2025-05-04,1107,2081,403,0,3731.1
1678,2025-05-04,1074,2037,401,1,0.0
1679,2025-05-04,1196,2080,402,0,832.26
1680,2025-05-04,1153,2096,402,2,1075.49
1681,2025-05-04,1080,2087,403,2,127.46
1682,2025-05-04,1175,2089,403,0,2067.6
1683,2025-05-04,1136,2074,403,1,593.55
1684,2025-05-04,1003,2017,403,2,1112.88
1685,2025-05-04,1199,2062,404,2,990.98
1686,2025-05-04,1041,2013,402,1,1683.65
1687,2025-05-04,1128,2028,402,0,0.0
1688,2025-05-04,1106,2058,401,0,1333.5
1689,2025-05-04,1033,2002,404,2,1385.6
1690,2025-05-04,1079,2088,403,1,2553.66
1691,2025-05-04,1113,2076,403,1,0.0
1692,2025-05-04,1181,2038,401,0,2779.53
1693,2025-05-04,1056,2016,402,1,872.15
1694,2025-05-04,1078,2016,402,1,872.15
1695,2025-05-04,1020,2054,401,0,1801.02
1696,2025-05-04,1004,2099,404,3,0.0
1697,2025-05-04,1010,2025,401,0,559.24
1698,2025-05-04,1168,2065,401,3,1411.02
1699,2025-05-04,1030,2032,401,0,945.6
1700,2025-05-04,1077,2085,401,0,0.0
1701,2025-05-04,1005,2015,402,1,0.0
1702,2025-05-04,1047,2085,403,0,242.15
1703,2025-05-04,1023,2018,403,2,0.0
1704,2025-05-04,1090,2020,402,0,751.66
1705,2025-05-04,1025,2074,401,1,593.55
1706,2025-05-04,1183,2024,403,1,335.53
1707,2025-05-04,1193,2068,401,0,820.24
1708,2025-05-04,1054,2064,404,2,235.23
1709,2025-05-04,1178,2075,402,3,5464.48
1710,2025-05-04,1172,2013,402,2,2244.86
1711,2025-05-04,1097,2054,402,1,810.46
1712,2025-05-04,1104,2014,403,0,246.3
1713,2025-05-04,1119,2014,402,3,1231.5
1714,2025-05-04,1195,2046,403,0,100.29
1715,2025-05-04,1021,2041,404,0,0.0
1716,2025-05-04,1098,2036,404,2,0.0
1717,2025-05-04,1175,2056,402,3,2098.88
1718,2025-05-04,1074,2054,402,0,2701.53
1719,2025-05-04,1121,2086,403,1,3218.76
1720,2025-05-04,1003,2086,404,0,1788.2
1721,2025-05-04,1101,2056,401,0,524.72
1722,2025-05-04,1036,2050,404,0,747.12
1723,2025-05-04,1189,2021,401,2,1336.66
1724,2025-05-04,1050,2043,402,3,873.45
1725,2025-05-04,1031,2029,404,3,40.53
1726,2025-05-04,1071,2097,403,3,2526.3
1727,2025-05-04,1091,2060,404,3,1225.14
1728,2025-05-04,1130,2035,402,3,899.99
1729,2025-05-04,1027,2015,403,3,0.0
1730,2025-05-04,1127,2029,402,0,40.53
1731,2025-05-04,1025,2094,401,0,1973.4
1732,2025-05-04,1127,2086,401,1,4828.14
1733,2025-05-04,1097,2077,403,1,2022.59
1734,2025-05-04,1077,2079,401,0,1901.08
1735,2025-05-04,1169,2096,404,3,672.18
1736,2025-05-04,1051,2037,404,3,1800.7
1737,2025-05-04,1129,2033,403,0,1672.5
1738,2025-05-04,1195,2004,404,0,2781.75
1739,2025-05-04,1098,2057,403,3,1310.94
1740,2025-05-04,1113,2058,401,0,2000.25
1741,2025-05-04,1045,2071,403,1,0.0
1742,2025-05-04,1125,2055,402,2,86.3
1743,2025-05-04,1183,2049,404,0,1879.68
1744,2025-05-04,1145,2086,404,3,2682.3
1745,2025-05-04,1121,2071,402,0,1845.48
1746,2025-05-04,1100,2033,404,3,2508.75
1747,2025-05-04,1157,2086,403,2,1430.56
1748,2025-05-04,1082,2007,401,0,1750.17
1749,2025-05-04,1032,2046,403,0,167.15
1750,2025-05-04,1195,2080,403,3,3329.04
1751,2025-05-04,1024,2054,403,2,0.0
1752,2025-05-04,1105,2044,401,1,373.64
1753,2025-05-04,1063,2030,403,0,509.91
1754,2025-05-04,1176,2008,403,0,133.18
1755,2025-05-04,1086,2021,401,2,2004.98
1756,2025-05-04,1009,2058,404,3,2000.25
1757,2025-05-04,1068,2002,404,0,0.0
1758,2025-05-04,1081,2048,404,2,572.21
1759,2025-05-04,1146,2012,404,0,623.19
1760,2025-05-04,1176,2086,402,2,1430.56
1761,2025-05-04,1127,2064,403,1,529.27
1762,2025-05-04,1157,2038,403,3,4632.55
1763,2025-05-04,1051,2063,401,1,0.0
1764,2025-05-04,1073,2033,401,2,1338.0
1765,2025-05-04,1146,2051,402,0,0.0
1766,2025-05-04,1183,2074,401,2,0.0
1767,2025-05-04,1069,2008,404,3,66.59
1768,2025-05-04,1053,2044,401,2,332.13
1769,2025-05-04,1129,2038,404,2,0.0
1770,2025-05-04,1051,2053,404,2,488.12
1771,2025-05-04,1159,2065,404,1,1693.22
1772,2025-05-04,1004,2080,402,3,3329.04
1773,2025-05-04,1054,2084,404,2,901.92
1774,2025-05-04,1163,2068,404,0,1640.48
1775,2025-05-04,1133,2025,403,3,838.86
1776,2025-05-04,1037,2030,402,2,271.95
1777,2025-05-04,1111,2052,403,0,731.26
1778,2025-05-04,1162,2026,404,2,169.25
1779,2025-05-04,1073,2082,402,2,213.28
1780,2025-05-04,1175,2076,402,3,806.07
1781,2025-05-04,1061,2014,402,1,665.01
1782,2025-05-04,1007,2031,403,3,1695.9
1783,2025-05-04,1124,2071,404,3,1845.48
1784,2025-05-04,1165,2004,402,1,1669.05
1785,2025-05-04,1069,2017,401,2,0.0
1786,2025-05-04,1071,2084,402,0,281.85
1787,2025-05-04,1184,2062,401,0,2477.44
1788,2025-05-04,1021,2040,403,0,69.08
1789,2025-05-04,1104,2046,401,3,167.15
1790,2025-05-04,1185,2017,402,0,1854.8
1791,2025-05-04,1146,2094,401,2,789.36
1792,2025-05-04,1127,2011,402,0,409.74
1793,2025-05-04,1197,2040,403,3,138.16
1794,2025-05-04,1191,2095,402,3,1963.16
1795,2025-05-04,1055,2018,401,1,488.03
1796,2025-05-04,1054,2035,404,3,899.99
1797,2025-05-04,1065,2075,401,3,3903.2
1798,2025-05-04,1136,2047,401,2,267.98
1799,2025-05-04,1139,2054,404,1,3241.84
1800,2025-05-04,1071,2018,403,3,0.0
1801,2025-05-04,1183,2047,403,0,1004.94
1802,2025-05-04,1165,2077,401,0,1685.49
1803,2025-05-04,1176,2085,402,2,581.16
1804,2025-05-04,1141,2049,403,2,1503.74
1805,2025-05-04,1175,2015,402,3,674.97
1806,2025-05-04,1099,2001,404,2,0.0
1807,2025-05-04,1077,2011,402,2,655.58
1808,2025-05-04,1053,2020,404,2,601.33
1809,2025-05-04,1196,2082,404,0,533.2
1810,2025-05-04,1070,2010,404,3,311.36
1811,2025-05-04,1188,2052,403,3,2925.04
1812,2025-05-04,1025,2020,403,0,375.83
1813,2025-05-04,1090,2053,403,3,1830.45
1814,2025-05-04,1177,2003,401,1,346.66
1815,2025-05-04,1161,2056,402,0,1049.44
1816,2025-05-04,1102,2025,403,2,0.0
1817,2025-05-04,1147,2010,401,1,70.06
1818,2025-05-04,1063,2066,402,3,516.06
1819,2025-05-04,1081,2057,404,1,786.56
1820,2025-05-04,1066,2022,403,2,536.94
1821,2025-05-04,1050,2010,404,2,62.27
1822,2025-05-04,1046,2050,404,1,336.2
1823,2025-05-04,1005,2002,402,0,3464.0
1824,2025-05-04,1118,2025,403,1,0.0
1825,2025-05-04,1012,2051,404,2,93.86
1826,2025-05-04,1038,2011,403,1,1475.06
1827,2025-05-04,1145,2015,401,3,2024.91
1828,2025-05-04,1197,2058,404,0,666.75
1829,2025-05-04,1057,2091,402,1,815.21
1830,2025-05-04,1005,2034,403,3,544.68
1831,2025-05-04,1097,2016,404,1,290.72
1832,2025-05-04,1153,2027,403,1,698.25
1833,2025-05-04,1107,2023,404,1,2536.76
1834,2025-05-04,1007,2037,403,1,648.25
1835,2025-05-04,1158,2057,402,2,699.17
1836,2025-05-04,1149,2087,404,0,637.28
1837,2025-05-04,1002,2060,402,2,326.7
1838,2025-05-04,1177,2050,402,3,186.78
1839,2025-05-04,1181,2054,403,0,1801.02
1840,2025-05-04,1024,2071,401,0,615.16
1841,2025-05-04,1085,2030,404,2,407.93
1842,2025-05-04,1155,2085,401,0,726.45
1843,2025-05-04,1064,2064,404,2,940.93
1844,2025-05-04,1101,2085,403,1,217.94
1845,2025-05-04,1143,2005,402,2,343.02
1846,2025-05-04,1043,2064,404,2,235.23
1847,2025-05-04,1119,2016,401,2,258.42
1848,2025-05-04,1181,2067,404,1,523.71
1849,2025-05-04,1066,2014,403,0,0.0
1850,2025-05-04,1032,2063,403,2,441.97
1851,2025-05-04,1110,2036,403,2,348.77
1852,2025-05-04,1132,2040,404,1,124.34
1853,2025-05-04,1080,2094,404,1,0.0
1854,2025-05-04,1142,2084,404,0,0.0
1855,2025-05-04,1048,2019,401,1,840.54
1856,2025-05-04,1046,2004,404,2,741.8
1857,2025-05-04,1041,2090,404,3,358.2
1858,2025-05-04,1029,2063,401,3,1657.38
1859,2025-05-04,1091,2090,404,3,214.92
1860,2025-05-04,1126,2014,402,0,492.6
1861,2025-05-04,1089,2011,402,2,1638.96
1862,2025-05-04,1046,2021,403,1,2255.61
1863,2025-05-04,1149,2000,402,3,4846.55
1864,2025-05-04,1019,2031,404,0,1695.9
1865,2025-05-04,1084,2003,403,0,0.0
1866,2025-05-04,1100,2047,401,2,803.95
1867,2025-05-04,1039,2003,401,3,1155.54
1868,2025-05-04,1181,2084,404,3,1127.4
1869,2025-05-04,1160,2034,401,2,326.81
1870,2025-05-04,1011,2083,404,2,614.53
1871,2025-05-04,1187,2093,402,1,680.35
1872,2025-05-04,1012,2082,403,2,853.12
1873,2025-05-04,1014,2095,401,3,0.0
1874,2025-05-04,1023,2051,403,1,211.18
1875,2025-05-04,1061,2098,404,0,2723.58
1876,2025-05-04,1005,2026,402,3,211.56
1877,2025-05-04,1199,2051,403,1,0.0
1878,2025-05-04,1030,2038,404,3,3706.04
1879,2025-05-04,1188,2039,402,2,1562.3
1880,2025-05-04,1170,2012,403,1,560.87
1881,2025-05-04,1125,2057,404,3,1310.94
1882,2025-05-04,1068,2072,404,0,420.3
1883,2025-05-04,1193,2054,403,1,0.0
1884,2025-05-04,1111,2080,404,0,1664.52
1885,2025-05-04,1010,2065,403,3,0.0
1886,2025-05-04,1173,2028,402,3,2551.76
1887,2025-05-04,1134,2080,401,2,1331.62
1888,2025-05-04,1119,2055,401,3,269.7
1889,2025-05-04,1076,2019,402,2,747.14
1890,2025-05-04,1063,2066,404,2,0.0
1891,2025-05-04,1145,2006,401,0,0.0
1892,2025-05-04,1131,2013,404,3,4676.8
1893,2025-05-04,1024,2059,403,2,0.0
1894,2025-05-04,1065,2074,401,0,3297.5
1895,2025-05-04,1029,2094,404,1,0.0
1896,2025-05-04,1046,2050,401,0,560.34
1897,2025-05-04,1106,2090,403,2,114.62
1898,2025-05-04,1150,2092,404,3,482.21
1899,2025-05-04,1159,2033,403,1,752.62
1900,2025-05-04,1054,2023,401,2,751.63
1901,2025-05-04,1172,2013,404,0,1870.72
1902,2025-05-04,1001,2050,401,0,560.34
1903,2025-05-04,1043,2083,404,3,2304.48
1904,2025-05-04,1177,2051,404,2,281.57
1905,2025-05-04,1158,2078,403,3,568.04
1906,2025-05-04,1077,2011,402,1,368.77
1907,2025-05-04,1003,2024,401,0,248.54
1908,2025-05-04,1178,2024,401,1,223.69
1909,2025-05-04,1123,2083,402,1,1382.69
1910,2025-05-04,1111,2080,402,0,3329.04
1911,2025-05-04,1077,2098,404,1,817.07
1912,2025-05-04,1121,2054,401,0,0.0
1913,2025-05-04,1042,2019,404,3,933.93
1914,2025-05-04,1120,2002,404,1,1558.8
1915,2025-05-04,1051,2037,404,0,0.0
1916,2025-05-04,1085,2001,401,3,412.35
1917,2025-05-04,1106,2063,403,0,0.0
1918,2025-05-04,1124,2051,404,3,351.96
1919,2025-05-04,1059,2091,401,0,1811.58
1920,2025-05-04,1108,2073,403,0,1498.29
1921,2025-05-04,1068,2082,404,3,0.0
1922,2025-05-04,1029,2063,403,3,3314.76
1923,2025-05-04,1178,2055,401,1,242.73
1924,2025-05-04,1073,2092,402,3,482.21
1925,2025-05-04,1088,2056,402,1,1888.99
1926,2025-05-04,1150,2087,403,3,477.96
1927,2025-05-04,1033,2037,404,3,1440.56
1928,2025-05-04,1172,2083,403,3,2304.48
1929,2025-05-04,1041,2079,402,2,2281.3
1930,2025-05-04,1176,2095,401,3,1472.37
1931,2025-05-04,1033,2022,402,1,1208.12
1932,2025-05-04,1155,2062,401,3,1858.08
1933,2025-05-04,1126,2038,402,1,1667.72
1934,2025-05-04,1142,2006,401,2,0.0
1935,2025-05-04,1066,2045,402,1,1123.7
1936,2025-05-04,1128,2004,401,2,2967.2
1937,2025-05-04,1110,2014,402,0,246.3
1938,2025-05-04,1143,2028,404,2,1531.06
1939,2025-05-04,1087,2045,401,2,0.0
1940,2025-05-04,1038,2088,401,0,1418.7
1941,2025-05-04,1112,2058,401,0,0.0
1942,2025-05-04,1005,2078,401,0,426.03
1943,2025-05-04,1129,2013,402,0,1870.72
1944,2025-05-04,1052,2046,402,2,26.74
1945,2025-05-04,1181,2056,404,0,0.0
1946,2025-05-04,1039,2082,403,2,0.0
1947,2025-05-04,1035,2015,402,3,3374.85
1948,2025-05-04,1106,2098,401,1,1634.15
1949,2025-05-04,1121,2043,403,1,1572.21
1950,2025-05-04,1021,2034,403,3,544.68
1951,2025-05-04,1092,2080,402,1,3745.17
1952,2025-05-04,1192,2096,404,1,1814.89
1953,2025-05-04,1035,2054,404,3,0.0
1954,2025-05-04,1117,2066,403,0,0.0
1955,2025-05-04,1113,2018,401,0,1084.52
1956,2025-05-04,1021,2043,403,3,2620.35
1957,2025-05-04,1197,2021,404,0,1670.82
1958,2025-05-04,1100,2097,401,1,2273.67
1959,2025-05-04,1147,2007,403,3,0.0
1960,2025-05-04,1102,2087,403,2,0.0
1961,2025-05-04,1088,2001,403,1,1113.34
1962,2025-05-04,1179,2051,404,1,211.18
1963,2025-05-04,1139,2079,404,2,2281.3
1964,2025-05-04,1005,2083,404,1,691.34
1965,2025-05-04,1077,2010,401,2,186.82
1966,2025-05-04,1099,2092,402,2,1157.3
1967,2025-05-04,1054,2011,403,2,327.79
1968,2025-05-04,1193,2081,402,0,2238.66
1969,2025-05-04,1007,2069,403,1,836.6
1970,2025-05-04,1198,2038,404,0,1853.02
1971,2025-05-04,1187,2007,403,2,466.71
1972,2025-05-04,1160,2064,403,0,1176.16
1973,2025-05-04,1012,2096,401,3,672.18
1974,2025-05-04,1076,2073,401,3,499.43
1975,2025-05-04,1086,2030,402,2,407.93
1976,2025-05-04,1076,2036,402,3,217.98
1977,2025-05-04,1133,2094,402,0,1973.4
1978,2025-05-04,1083,2066,402,2,1238.54
1979,2025-05-04,1116,2012,402,3,0.0
1980,2025-05-04,1105,2010,401,0,155.68
1981,2025-05-04,1108,2016,404,1,872.15
1982,2025-05-04,1114,2009,403,3,198.93
1983,2025-05-04,1150,2071,404,2,492.13
1984,2025-05-04,1149,2063,404,3,2762.3
1985,2025-05-04,1176,2062,404,1,557.42
1986,2025-05-04,1036,2064,402,3,294.04
1987,2025-05-04,1182,2058,402,0,0.0
1988,2025-05-04,1177,2027,404,3,1034.44
1989,2025-05-04,1008,2095,402,2,0.0
1990,2025-05-04,1030,2077,404,0,1123.66
1991,2025-05-04,1030,2047,403,0,334.98
1992,2025-05-04,1133,2019,401,2,747.14
1993,2025-05-04,1078,2047,403,2,535.97
1994,2025-05-04,1124,2003,402,1,1386.65
1995,2025-05-04,1005,2075,404,0,3122.56
1996,2025-05-04,1078,2036,402,1,588.55
1997,2025-05-04,1189,2062,401,0,2477.44
1998,2025-05-04,1140,2044,401,0,207.58
1999,2025-05-04,1106,2061,403,3,599.76
2000,2025-05-04,1086,2048,404,1,321.87
6,2025-05-04,1089,2028,401,0,1275.88
